Species,Body_Mass.g,Complexus_vestibularis_Vol.mm3,Complexus_vestibularis_unilateral_Vol.mm3,Nucleus_vestibularis_descendens_Vol.mm3,Nucleus_vestibularis_descendens_unilateral_Vol.mm3,Nucleus_vestibularis_lateralis_Vol.mm3,Nucleus_vestibularis_lateralis_unilateral_Vol.mm3,Nucleus_vestibularis_medialis_Vol.mm3,Nucleus_vestibularis_medialis_unilateral_Vol.mm3,Nucleus_vestibularis_superior_Vol.mm3,Nucleus_vestibularis_superior_unilateral_Vol.mm3,Agranular_insular_cortex_Vol.mm3,Agranular_insular_cortex_left_Vol.mm3,Brain_Mass.mg,Dysgranular_insular_cortex_Vol.mm3,Dysgranular_insular_cortex_left_Vol.mm3,Granular_insular_cortex_Vol.mm3,Granular_insular_cortex_left_Vol.mm3,Insula_Vol.mm3,Insula_left_Vol.mm3,Total_brain_net_volume_Vol.mm3,Amygdala_Vol.mm3,Area_striata_Vol.mm3,Area_striata_grey_matter_Vol.mm3,Area_striata_lamina_1_Vol.mm3,Area_striata_laminae_2_6_Vol.mm3,Area_striata_white_matter_Vol.mm3,Bulbus_olfactorius_Vol.mm3,Bulbus_olfactorius_accessorius_Vol.mm3,CerebellarHemisphere_Vol.mm3,CerebellarVermis_Vol.mm3,Cerebellar_nuclei_total_Vol.mm3,Cerebellum_Vol.mm3,Complexus_centromedialis_Vol.mm3,Complexus_corticobasolateralis_Vol.mm3,Corpus_geniculatum_laterale_Vol.mm3,Corpus_pineal_Vol.mm3,Corpus_subcommissurale_Vol.mm3,Corpus_subfornicale_Vol.mm3,Diencephalon_Vol.mm3,FrontalCortex_grey_matter_Vol.mm3,FrontalMotor_grey_matter_Vol.mm3,FrontalMotor_white_matter_Vol.mm3,Hippocampus_Vol.mm3,Interpositus_cerebellar_nuclei_Vol.mm3,Lateral_cerebellar_nuclei_Vol.mm3,Lobus_piriformis_Vol.mm3,Medial_cerebellar_nuclei_Vol.mm3,Medulla_oblongata_Vol.mm3,Mesencephalon_Vol.mm3,Neocortex_Vol.mm3,Neocortex_grey_matter_Vol.mm3,Neocortex_lamina_1_Vol.mm3,Neocortex_laminae_2_6_Vol.mm3,Neocortex_white_matter_Vol.mm3,Nucleus_amygdalae_basalis_pars_magnocellularis_Vol.mm3,Nucleus_habenularis_medialis_Vol.mm3,Nucleus_septalis_triangularis_Vol.mm3,Nucleus_tractus_olfactorius_Vol.mm3,Palaeocortex_Vol.mm3,Schizo_cortex_Vol.mm3,Septum_Vol.mm3,Striatum_Vol.mm3,Telencephalon_Vol.mm3,Ventral_pons_Vol.mm3,Ventricles_Vol.mm3,Capsula_interna_Vol.mm3,Epithalamus_Vol.mm3,Hypothalamus_Vol.mm3,Nucleus_subthalamicus_Vol.mm3,Pallidum_Vol.mm3,Subthalamus_Vol.mm3,Thalamus_Vol.mm3,Tractus_opticus_Vol.mm3,Agranular_insular_cortex_right_Vol.mm3,Area_striata_grey_matter_left_Vol.mm3,Corpus_geniculatum_laterale_left_Vol.mm3,Dysgranular_insular_cortex_right_Vol.mm3,Granular_insular_cortex_right_Vol.mm3,Insula_right_Vol.mm3,fronto_insular_cortex_Vol.mm3,fronto_insular_cortex_left_Vol.mm3,fronto_insular_cortex_right_Vol.mm3,EntorhinalCortex_Vol.mm3,Pons_Vol.mm3,Prepiriform_cortex_Vol.mm3
A. l. occidentalis,860,36.2,18.1,9.62,4.81,6.64,3.32,13.72,6.86,6.2,3.1,NA,NA,NA,NA,NA,NA,NA,NA,NA,NA,NA,NA,NA,NA,NA,NA,NA,NA,NA,NA,NA,NA,NA,NA,NA,NA,NA,NA,NA,NA,NA,NA,NA,NA,NA,NA,NA,NA,NA,NA,NA,NA,NA,NA,NA,NA,NA,NA,NA,NA,NA,NA,NA,NA,NA,NA,NA,NA,NA,NA,NA,NA,NA,NA,NA,NA,NA,NA,NA,NA,NA,NA,NA,NA,NA
Alouatta caraya,6420,NA,NA,NA,NA,NA,NA,NA,NA,NA,NA,84,42,55.8,282,141,178,89,544,272,53861,NA,NA,NA,NA,NA,NA,NA,NA,NA,NA,NA,NA,NA,NA,NA,NA,NA,NA,NA,NA,NA,NA,NA,NA,NA,NA,NA,NA,NA,NA,NA,NA,NA,NA,NA,NA,NA,NA,NA,NA,NA,NA,NA,NA,NA,NA,NA,NA,NA,NA,NA,NA,NA,NA,NA,NA,NA,NA,NA,NA,NA,NA,NA,NA,NA
Alouatta seniculus,6400,91.8,45.9,22.4,11.2,18.54,9.27,32.6,16.3,18.18,9.09,NA,NA,52000,NA,NA,NA,NA,NA,NA,37400,413,2461,1918,220,1698,543,41.4,0.595,2700,1450,113.79,4150,94.9,318,87.4,0.254,0.402,0.372,3344,5510,1077,866,1320,26.57,59.75,827,27.47,1593,986,31660,21791,2918,18874,9869,30.7,3.3,1.72,0,488,510,200,2829,37388,394.3,616,NA,NA,NA,NA,NA,NA,NA,NA,NA,NA,NA,NA,NA,NA,NA,NA,NA,NA,NA,NA
Aotus trivirgatus,830,56.2,28.1,11.62,5.81,10.28,5.14,22.2,11.1,12.14,6.07,NA,NA,17100,NA,NA,NA,NA,NA,NA,19125,201,1203,996,113,883,207,56,0.222,950,900,41.45,1750,54.5,147,32.9,1.55,0.14,0.162,1098,NA,NA,NA,539,11.42,17.02,394,13.01,686,409,9950,7776,1039,6737,2174,15.7,3.21,0.964,0.201,203,243,83.8,862,12128,112.1,105,NA,NA,NA,NA,NA,NA,NA,NA,NA,NA,NA,NA,NA,NA,NA,NA,NA,NA,NA,NA
Atelerix algirus,790,NA,NA,NA,NA,NA,NA,NA,NA,NA,NA,NA,NA,3200,NA,NA,NA,NA,NA,NA,2859,NA,NA,NA,NA,NA,NA,285,1.93,NA,NA,NA,358,NA,NA,5.02,0.297,0.0222,0.0621,246,NA,NA,NA,227,NA,NA,459,NA,336,153,500.3,436.7,117,319.7,63.6,NA,0.93,1.18,NA,NA,109,42.9,140,1766,NA,121,NA,NA,NA,NA,NA,NA,NA,NA,NA,NA,NA,NA,NA,NA,NA,NA,NA,NA,NA,NA
Ateles geoffroyi,8000,99.4,49.7,23.8,11.9,13.62,6.81,47.6,23.8,14.4,7.2,270,135,108000,362,181,200,100,832,416,102700,NA,4738,3753,NA,NA,985,90.4,2.19,NA,NA,209.17,12438,NA,NA,151,3.1,0.608,0.443,5334,16010,3119,1586,1366,59.75,114.79,1625,34.63,1834,1482,70856,NA,NA,NA,NA,NA,7.29,3.18,NA,NA,732,324,4950,79946,813.3,1389,570,30.5,629,52.8,807,860,2930,204,NA,NA,NA,NA,NA,NA,NA,NA,NA,NA,NA,NA
Ateles paniscus,NA,NA,NA,NA,NA,NA,NA,NA,NA,NA,NA,NA,NA,NA,NA,NA,NA,NA,NA,NA,90700,NA,NA,NA,NA,NA,NA,NA,NA,7300,3033.33333333333,NA,10366.6666666667,NA,NA,NA,NA,NA,NA,NA,NA,NA,NA,NA,NA,NA,NA,NA,NA,NA,NA,NA,NA,NA,NA,NA,NA,NA,NA,NA,NA,NA,NA,NA,NA,NA,NA,NA,NA,NA,NA,NA,NA,NA,NA,NA,NA,NA,NA,NA,NA,NA,NA,NA,NA,NA
Avahi laniger,1285,NA,NA,NA,NA,NA,NA,NA,NA,NA,NA,NA,NA,10490,NA,NA,NA,NA,NA,NA,9798,NA,542,475,NA,NA,66.5,89.2,3.01,NA,NA,37.89,1489,NA,NA,27.6,0.7,0.14,0.116,862,NA,NA,NA,526,11.28,14.46,284,12.15,553,343,4813,NA,NA,NA,NA,NA,2.21,1.29,NA,NA,241,69.7,524,6550,60.9,172,NA,NA,NA,NA,NA,NA,NA,NA,NA,NA,NA,NA,NA,NA,NA,NA,NA,NA,NA,NA
Avahi laniger laniger,1285,47.4,23.7,10.38,5.19,10.04,5.02,18.42,9.21,8.54,4.27,NA,NA,NA,NA,NA,NA,NA,NA,NA,NA,NA,NA,NA,NA,NA,NA,NA,NA,NA,NA,NA,NA,NA,NA,NA,NA,NA,NA,NA,NA,NA,NA,NA,NA,NA,NA,NA,NA,NA,NA,NA,NA,NA,NA,NA,NA,NA,NA,NA,NA,NA,NA,NA,NA,NA,NA,NA,NA,NA,NA,NA,NA,NA,NA,NA,NA,NA,NA,NA,NA,NA,NA,NA,NA,NA
Avahi occidentalis,860,36.2,18.1,9.62,4.81,6.64,3.32,13.72,6.86,6.2,3.1,14,7,9670,36,18,26,13,76,38,9256.8,NA,527,450,64.6,385,77.2,70.1,2.55,NA,NA,29.66,1383,NA,NA,29.3,0.652,0.0942,0.188,861,NA,NA,NA,476,10.18,11.3,265,8.18,508,345,4443,3666,582.7,3083,777,NA,2.04,0.988,NA,NA,222,69.3,478,6026,60.3,73.7,105,6.52,137,5.94,74.5,80.5,489,38.3,NA,NA,NA,NA,NA,NA,NA,NA,NA,NA,NA,NA
C. medius,177,12,6,3.22,1.61,2,1,4.06,2.03,2.72,1.36,NA,NA,NA,NA,NA,NA,NA,NA,NA,NA,NA,NA,NA,NA,NA,NA,NA,NA,NA,NA,NA,NA,NA,NA,NA,NA,NA,NA,NA,NA,NA,NA,NA,NA,NA,NA,NA,NA,NA,NA,NA,NA,NA,NA,NA,NA,NA,NA,NA,NA,NA,NA,NA,NA,NA,NA,NA,NA,NA,NA,NA,NA,NA,NA,NA,NA,NA,NA,NA,NA,NA,NA,NA,NA,NA
C. mitis,6300,161,80.5,48.6,24.3,21,10.5,61.4,30.7,30,15,NA,NA,NA,NA,NA,NA,NA,NA,NA,NA,NA,NA,NA,NA,NA,NA,NA,NA,NA,NA,NA,NA,NA,NA,NA,NA,NA,NA,NA,NA,NA,NA,NA,NA,NA,NA,NA,NA,NA,NA,NA,NA,NA,NA,NA,NA,NA,NA,NA,NA,NA,NA,NA,NA,NA,NA,NA,NA,NA,NA,NA,NA,NA,NA,NA,NA,NA,NA,NA,NA,NA,NA,NA,NA,NA
Callicebus moloch,900,NA,NA,NA,NA,NA,NA,NA,NA,NA,NA,NA,NA,19000,NA,NA,NA,NA,NA,NA,17944,NA,1524,1201,NA,NA,324,19.2,0.325,NA,NA,61.41,1622,NA,NA,54.2,2.9,0.154,0.135,1375,NA,NA,NA,588,19.47,21.24,454,20.7,787,530,11163,NA,NA,NA,NA,NA,2.66,0.89,NA,NA,234,86.4,920,13465,105.9,279,NA,NA,NA,NA,NA,NA,NA,NA,NA,NA,NA,NA,NA,NA,NA,NA,NA,NA,NA,NA
Callimico goeldii,480,NA,NA,NA,NA,NA,NA,NA,NA,NA,NA,NA,NA,11000,NA,NA,NA,NA,NA,NA,10510,NA,NA,NA,NA,NA,NA,27,0.512,NA,NA,NA,1240,NA,NA,NA,NA,NA,NA,739,NA,NA,NA,281,NA,NA,253,NA,460,340,6476,NA,NA,NA,NA,NA,NA,NA,NA,NA,138,63.5,493,7733,NA,47.9,NA,NA,NA,NA,NA,NA,NA,NA,NA,NA,NA,NA,NA,NA,NA,NA,NA,NA,NA,NA
Callithrix jacchus,280,30.4,15.2,5.2,2.6,8.14,4.07,11.6,5.8,5.38,2.69,NA,NA,7600,NA,NA,NA,NA,NA,NA,7241,113,685,566,57.8,508,119,22.8,0.326,NA,NA,20.96,757,28.3,84.6,25.1,0.486,0.0789,0.133,554,NA,NA,NA,221,5.44,7.93,191,7.59,318,295,4371,3564,441.8,3122,807.1,8.57,1.63,0.44,0.195,99.3,90,49.8,372,5318,38.8,52,NA,NA,NA,NA,NA,NA,NA,NA,NA,NA,NA,NA,NA,NA,NA,NA,NA,NA,NA,NA
Callithrix pygmaea,140,22.2,11.1,3.92,1.96,5.88,2.94,8.22,4.11,4.2,2.1,NA,NA,4500,NA,NA,NA,NA,NA,NA,4302,NA,415,363,29.7,334,51.4,12.3,0.386,NA,NA,11.48,468,NA,NA,NA,NA,NA,NA,342,NA,NA,NA,133,3.2,4.35,133,3.93,201,192,2534,2139,223.7,1915,395.3,NA,NA,NA,NA,NA,81.8,29.2,174,3099,17.5,24.5,21.8,3.68,69.2,1.95,25.8,27.7,190,23.8,NA,NA,NA,NA,NA,NA,NA,NA,NA,NA,NA,NA
Cebuella pygmaea,110,22.2,11.1,3.92,1.96,5.88,2.94,8.22,4.11,4.2,2.1,2,1,4.2,14,7,6,3,22,11,4005.8,NA,NA,NA,NA,NA,NA,NA,NA,NA,NA,NA,NA,NA,NA,NA,NA,NA,NA,NA,NA,NA,NA,NA,NA,NA,NA,NA,NA,NA,NA,NA,NA,NA,NA,NA,NA,NA,NA,NA,NA,NA,NA,NA,NA,NA,NA,NA,NA,NA,NA,NA,NA,NA,NA,NA,NA,NA,NA,NA,NA,NA,NA,NA,NA,NA
Cebus albifrons,3100,100.4,50.2,24.6,12.3,14.9,7.45,38.4,19.2,22.4,11.2,68,34,71000,310,155,216,108,594,297,77027,502,4703,3764,365,3399,939,39.9,0.667,NA,NA,173.18,7871,118,384,137,3.8,0.425,0.41,3996,9450,1977,1425,890,38.98,99.52,931,34.68,1738,1221,46429,30630,3607,27023,15799,41,4.9,1.5,0,567,390,174,3258,52113,682.2,729,549,23.7,418,41.7,567,609,2163,207,NA,NA,NA,NA,NA,NA,NA,NA,NA,NA,NA,NA
Cebus sp.,NA,NA,NA,NA,NA,NA,NA,NA,NA,NA,NA,NA,NA,NA,NA,NA,NA,NA,NA,NA,76500,NA,NA,NA,NA,NA,NA,NA,NA,4700,2350,NA,7050,NA,NA,NA,NA,NA,NA,NA,NA,NA,NA,NA,NA,NA,NA,NA,NA,NA,NA,NA,NA,NA,NA,NA,NA,NA,NA,NA,NA,NA,NA,NA,NA,NA,NA,NA,NA,NA,NA,NA,NA,NA,NA,NA,NA,NA,NA,NA,NA,NA,NA,NA,NA,NA
Cercocebus agilis,5660,NA,NA,NA,NA,NA,NA,NA,NA,NA,NA,210,105,95.3,232,116,316,158,758,379,91988,NA,NA,NA,NA,NA,NA,NA,NA,NA,NA,NA,NA,NA,NA,NA,NA,NA,NA,NA,NA,NA,NA,NA,NA,NA,NA,NA,NA,NA,NA,NA,NA,NA,NA,NA,NA,NA,NA,NA,NA,NA,NA,NA,NA,NA,NA,NA,NA,NA,NA,NA,NA,NA,NA,NA,NA,NA,NA,NA,NA,NA,NA,NA,NA,NA
Cercocebus torquatus,NA,NA,NA,NA,NA,NA,NA,NA,NA,NA,NA,NA,NA,NA,NA,NA,NA,NA,NA,NA,98850,NA,NA,NA,NA,NA,NA,NA,NA,6375,2300,NA,8650,NA,NA,NA,NA,NA,NA,NA,NA,NA,NA,NA,NA,NA,NA,NA,NA,NA,NA,NA,NA,NA,NA,NA,NA,NA,NA,NA,NA,NA,NA,NA,NA,NA,NA,NA,NA,NA,NA,NA,NA,NA,NA,NA,NA,NA,NA,NA,NA,NA,NA,NA,NA,NA
Cercopithecus ascanius,3400,104.2,52.1,34.4,17.2,11.76,5.88,41.6,20.8,16.42,8.21,NA,NA,67000,NA,NA,NA,NA,NA,NA,63505,601,5106,4272,416,3855,834,99.5,0,NA,NA,143.98,5828,136,465,147,4.66,0.217,0.509,3605,7940,1351,930,1189,41.7,67.67,1052,34.61,1632,1162,45166,32114,4009,28104,13052,48.9,4.23,2.13,0,450,694,251,2827,51279,520.2,240,421,17.9,410,25.7,405,431,1916,320,NA,NA,NA,NA,NA,NA,NA,NA,NA,NA,NA,NA
Cercopithecus mitis,6300,NA,NA,NA,NA,NA,NA,NA,NA,NA,NA,178,89,75000,782,391,268,134,1228,614,69112,NA,5275,4232,NA,NA,1042,117,0,NA,NA,171.16,6758,NA,NA,167.2,15.3,0.258,0.432,4176,10190,1852,946,1366,54.55,82.38,1265,34.23,1999,1354,49933,NA,NA,NA,NA,NA,5.38,1.96,NA,NA,617,246,2733,56277,517.6,467,NA,NA,NA,NA,NA,NA,NA,NA,NA,NA,NA,NA,NA,NA,NA,NA,NA,NA,NA,NA
Cercopithecus sp.,NA,NA,NA,NA,NA,NA,NA,NA,NA,NA,NA,NA,NA,NA,NA,NA,NA,NA,NA,NA,64000,NA,NA,NA,NA,NA,NA,NA,NA,3450,2650,NA,6200,NA,NA,NA,NA,NA,NA,NA,NA,NA,NA,NA,NA,NA,NA,NA,NA,NA,NA,NA,NA,NA,NA,NA,NA,NA,NA,NA,NA,NA,NA,NA,NA,NA,NA,NA,NA,NA,NA,NA,NA,NA,NA,NA,NA,NA,NA,NA,NA,NA,NA,NA,NA,NA
Cheirogaleus major,450,22.2,11.1,6.54,3.27,3.56,1.78,8.36,4.18,3.72,1.86,NA,NA,6800,NA,NA,NA,NA,NA,NA,6373,99.4,477,433,NA,NA,44.8,158,4.04,NA,NA,19.45,947,34.1,65.3,21.5,0.789,0.032,0.256,489,NA,NA,NA,347,3.85,9.95,332,5.65,382,241,2938,NA,NA,NA,NA,7.32,1.75,0.917,0.851,233,149,58.9,327,4314,27.4,83.4,48.6,4.83,101,2.27,31.6,33.8,271,18,NA,NA,NA,NA,NA,NA,NA,NA,NA,NA,NA,NA
Cheirogaleus medius,177,NA,NA,NA,NA,NA,NA,NA,NA,NA,NA,NA,NA,3140,NA,NA,NA,NA,NA,NA,2961,63.2,216,199,NA,NA,17.6,102,2.66,NA,NA,9.45,437,23.3,39.8,10.8,0.691,0.0432,0.171,235,NA,NA,NA,174,1.94,4.27,198,3.24,202,145,1221,NA,NA,NA,NA,NA,1.06,0.385,0.472,135,65.3,32.5,145,1941,13,24.6,NA,NA,NA,NA,NA,NA,NA,NA,NA,NA,NA,NA,NA,NA,NA,NA,NA,NA,NA,NA
Chrysochloris asiatica,49,NA,NA,NA,NA,NA,NA,NA,NA,NA,NA,NA,NA,700,NA,NA,NA,NA,NA,NA,657,NA,NA,NA,NA,NA,NA,58.5,0.132,NA,NA,NA,72.6,NA,NA,NA,0.0251,0.00811,0.0147,52.8,NA,NA,NA,66.3,NA,NA,115,NA,58.5,43.2,113,NA,NA,NA,NA,NA,0.449,0.485,NA,NA,20.9,12.1,44.3,430,NA,8.12,NA,NA,NA,NA,NA,NA,NA,NA,NA,NA,NA,NA,NA,NA,NA,NA,NA,NA,NA,NA
Chrysochloris stuhlmanni,39.8,NA,NA,NA,NA,NA,NA,NA,NA,NA,NA,NA,NA,740,NA,NA,NA,NA,NA,NA,693,NA,NA,NA,NA,NA,NA,60.6,0.204,NA,NA,NA,74.7,NA,NA,NA,0.096,0,0.0191,51.8,NA,NA,NA,59.1,NA,NA,131,NA,68.3,42,129,NA,NA,NA,NA,NA,0.38,0.395,NA,NA,21.4,11.3,43.5,457,NA,7,NA,NA,NA,NA,NA,NA,NA,NA,NA,NA,NA,NA,NA,NA,NA,NA,NA,NA,NA,NA
Colobus angolensis,9680,NA,NA,NA,NA,NA,NA,NA,NA,NA,NA,64,32,74.4,304,152,76,38,444,222,71815,NA,NA,NA,NA,NA,NA,NA,NA,NA,NA,NA,NA,NA,NA,103,NA,NA,NA,NA,NA,NA,NA,NA,NA,NA,NA,NA,NA,NA,NA,NA,NA,NA,NA,NA,NA,NA,NA,NA,NA,NA,NA,NA,NA,NA,NA,NA,NA,NA,NA,NA,NA,NA,NA,NA,NA,NA,NA,NA,NA,NA,NA,NA,NA,NA
Crocidura flavescens,28,2.64,1.32,0.778,0.389,0.444,0.222,1.086,0.543,0.342,0.171,NA,NA,440,NA,NA,NA,NA,NA,NA,408,6.82,NA,NA,NA,NA,NA,37.6,0.221,NA,NA,1.17,51.3,3.23,3.59,0.28,0.0391,5.76e-4,0.0186,28.4,NA,NA,NA,38.5,0.42,0.47,68.4,0.27,59.8,27.7,59.11,54.12,16.15,37.97,4.99,0.803,0.2,0.274,0.233,23.4,13.3,6.94,16.8,241,NA,2.67,2.19,0.657,9.77,0.142,1.63,1.78,14.6,0.252,NA,NA,NA,NA,NA,NA,NA,NA,NA,NA,NA,NA
Crocidura russula,11,1.126,0.563,0.334,0.167,0.168,0.084,0.47,0.235,0.154,0.077,NA,NA,190,NA,NA,NA,NA,NA,NA,178,11.1,NA,NA,NA,NA,NA,16.3,0.0431,NA,NA,0.58,21.8,5.41,5.74,0.08,0.0278,7.66e-4,0.00986,15,NA,NA,NA,15.9,0.23,0.23,30.2,0.12,23.6,11.7,25.46,23.98,6.872,17.1,1.487,0.804,0.134,0.12,0.44,45.1,6.05,3.64,8.17,106,NA,1.67,0.727,0.368,4.61,0.0889,0.781,0.87,7.48,0.116,NA,NA,NA,NA,NA,NA,NA,NA,NA,NA,NA,NA
Daubentonia madagascariensis,2800,94.6,47.3,25.4,12.7,16.26,8.13,36,18,16.9,8.45,NA,NA,45150,NA,NA,NA,NA,NA,NA,42611,473,1355,1113,189,923,242,685,8.31,NA,NA,126.08,6461,122,351,58.5,3.32,1.83,0.593,3539,NA,NA,NA,1776,36.11,61.03,1538,28.94,1517,897,22127,17074,2738,14336,5053,24.9,7.75,2.65,3.53,1065,1044,254,2765,30196,304.8,392,NA,NA,NA,NA,NA,NA,NA,NA,NA,NA,NA,NA,NA,NA,NA,NA,NA,NA,NA,NA
Desmana moschata,440,NA,NA,NA,NA,NA,NA,NA,NA,NA,NA,NA,NA,4000,NA,NA,NA,NA,NA,NA,3620,NA,NA,NA,NA,NA,NA,141,0.218,NA,NA,NA,514,NA,NA,NA,0.459,0.0278,0.0352,344,NA,NA,NA,267,NA,NA,320,NA,402,219,983,NA,NA,NA,NA,NA,1.05,1.06,NA,NA,163,42.6,222,2140,NA,138,NA,NA,NA,NA,NA,NA,NA,NA,NA,NA,NA,NA,NA,NA,NA,NA,NA,NA,NA,NA
Echinops telfairi,87.5,3.38,1.69,1.01,0.505,0.562,0.281,1.23,0.615,0.582,0.291,NA,NA,620,NA,NA,NA,NA,NA,NA,566,22.1,NA,NA,NA,NA,NA,71.2,0.249,NA,NA,1.71,57.9,10.8,11.3,0.37,0.243,2.12e-4,0.029,40.1,NA,NA,NA,46.4,0.87,0.46,116,0.39,89.9,43.8,51.46,46.23,15.25,30.98,5.224,3.19,0.365,0.338,0.71,93.1,13.1,11.5,24.1,335,0.49,8.34,2.23,0.977,16.4,0.242,2.44,2.68,17.9,0.605,NA,NA,NA,NA,NA,NA,NA,NA,NA,NA,NA,NA
Elephantulus fuscipes,57,NA,NA,NA,NA,NA,NA,NA,NA,NA,NA,NA,NA,1330,NA,NA,NA,NA,NA,NA,1233,NA,NA,NA,NA,NA,NA,63.3,0.662,NA,NA,NA,183,NA,NA,NA,0.336,0.124,0.0709,112,NA,NA,NA,173,NA,NA,120,NA,120,117,236,NA,NA,NA,NA,NA,0.415,0.289,NA,NA,46.8,16.8,44.5,700,NA,18.1,NA,NA,NA,NA,NA,NA,NA,NA,NA,NA,NA,NA,NA,NA,NA,NA,NA,NA,NA,NA
Erinaceus europaeus,860,15.08,7.54,3.54,1.77,3.44,1.72,5.7,2.85,2.42,1.21,NA,NA,3350,NA,NA,NA,NA,NA,NA,3050,104,NA,NA,NA,NA,NA,332,1.94,NA,NA,12.65,394,43.1,61.1,3.9,0.423,0.0312,0.0592,241,NA,NA,NA,237,5.53,3.83,505,3.3,333,151,522.5,454.1,129.1,325,68.35,12.2,1.17,0.887,3.72,379,134,51.7,147,1931,NA,105,18.8,3.71,79.9,0.903,13.3,14.2,117,3.94,NA,NA,NA,NA,NA,NA,NA,NA,NA,NA,NA,NA
Erythrocebus patas,7800,178,89,31.2,15.6,35.8,17.9,80.6,40.3,30.4,15.2,NA,NA,108000,NA,NA,NA,NA,NA,NA,89000,NA,NA,NA,NA,NA,NA,51.8,0,5200,2700,295.09,7900,NA,NA,266.8,NA,NA,NA,5423,11220,2552,1848,1591,95.07,126.31,1339,73.71,2616,1621,77141,NA,NA,NA,NA,NA,NA,NA,NA,NA,693,330,3624,84770,814.5,561,NA,NA,NA,NA,NA,NA,NA,NA,NA,NA,NA,NA,NA,NA,NA,NA,NA,NA,NA,NA
Eulemur albifrons,1400,62.2,31.1,18.54,9.27,11.8,5.9,19.5,9.75,12.44,6.22,NA,NA,NA,NA,NA,NA,NA,NA,NA,NA,NA,NA,NA,NA,NA,NA,NA,NA,NA,NA,NA,NA,NA,NA,NA,NA,NA,NA,NA,NA,NA,NA,NA,NA,NA,NA,NA,NA,NA,NA,NA,NA,NA,NA,NA,NA,NA,NA,NA,NA,NA,NA,NA,NA,NA,NA,NA,NA,NA,NA,NA,NA,NA,NA,NA,NA,NA,NA,NA,NA,NA,NA,NA,NA,NA
Eulemur fulvus,1400,62.2,31.1,18.54,9.27,11.8,5.9,19.5,9.75,12.44,6.22,NA,NA,23300,NA,NA,NA,NA,NA,NA,22106,251,1519,1253,138,1114,267,207,3.21,NA,NA,86.28,3328,71.7,179,51.8,1.85,0.174,0.527,1713,NA,NA,NA,752,27.58,32.05,641,26.65,909,590,12207,9172,1298,7874,3035,19.6,4.02,1.4,1.37,389,422,119,1215,15566,136.9,194,248,12.2,239,13.9,212,225,1028,108,NA,NA,NA,NA,NA,NA,NA,NA,NA,NA,NA,NA
Galago senegalensis,186,18.28,9.14,5.86,2.93,2.86,1.43,6.84,3.42,2.72,1.36,NA,NA,4800,NA,NA,NA,NA,NA,NA,4512,NA,334,301,NA,NA,32.6,79.2,2.58,NA,NA,12.6,672,NA,NA,16,0.741,0.0382,0.0668,382,NA,NA,NA,261,3.77,4.4,163,4.43,254,205,2139,NA,NA,NA,NA,NA,0.998,0.588,NA,NA,107,35.7,210,2997,21,40.2,NA,NA,NA,NA,NA,NA,NA,NA,NA,NA,NA,NA,NA,NA,NA,NA,NA,NA,NA,NA
Galagoides demidoff,81,13.3,6.65,3.8,1.9,2.02,1.01,5.44,2.72,2.04,1.02,4,2,3380,10,5,10,5,24,12,3185.3,50.2,237,214,25.6,189,22.4,83.1,1.26,NA,NA,8.22,413,14.9,35.3,10.9,0.375,0.0266,0.024,246,NA,NA,NA,152,2.08,3.06,181,3.08,169,135,1568,1417,202.2,1215,150.6,2.82,0.78,0.45,0.62,122,59.9,25.7,169,2240,13.6,30.4,18.4,2.09,45.1,1.4,17,18.3,153,11.5,NA,NA,NA,NA,NA,NA,NA,NA,NA,NA,NA,NA
Galemys pyrenaicus,57.5,NA,NA,NA,NA,NA,NA,NA,NA,NA,NA,NA,NA,1330,NA,NA,NA,NA,NA,NA,1230,NA,NA,NA,NA,NA,NA,39,0.206,NA,NA,NA,184,NA,NA,NA,0.0707,0.00545,0.0379,105,NA,NA,NA,109,NA,NA,107,NA,147,62.2,339,NA,NA,NA,NA,NA,0.422,0.444,NA,NA,44.9,20.1,74.4,733,NA,27.5,NA,NA,NA,NA,NA,NA,NA,NA,NA,NA,NA,NA,NA,NA,NA,NA,NA,NA,NA,NA
Gorilla gorilla,105000,272,136,47.2,23.6,39,19.5,116.8,58.4,69.4,34.7,NA,NA,NA,NA,NA,NA,NA,NA,NA,NA,NA,NA,NA,NA,NA,NA,NA,NA,NA,NA,NA,NA,NA,NA,NA,NA,NA,NA,NA,NA,NA,NA,NA,NA,NA,NA,NA,NA,NA,NA,NA,NA,NA,NA,NA,NA,NA,NA,NA,NA,NA,NA,NA,NA,NA,NA,NA,NA,NA,NA,NA,NA,NA,NA,NA,NA,NA,NA,NA,NA,NA,NA,NA,NA,NA
Gorilla sp.,105000,272,136,47.2,23.6,39,19.5,116.8,58.4,69.4,34.7,1107,570,500000,1913.25,948.75,710,394.5,4066,2145.5,401785,NA,15185,12062,NA,NA,3123,316,0,61650,7000,740.4,68650,NA,NA,300.1,7.96,1.41,1.3,19370,71110,14854,10295,4781,112.36,534.6,4871,93.44,7509,4352,283700,NA,NA,NA,NA,NA,23.9,5.79,NA,NA,2729,1173,14567,369878,5400.6,3608,2471,106,2215,178,2604,2782,10547,671,537,4550,200,964.5,315.5,1920.5,335.5,232,103.5,NA,NA,NA
Hemicentetes semispinosus,110,5,2.5,1.418,0.709,1.104,0.552,1.704,0.852,0.768,0.384,NA,NA,830,NA,NA,NA,NA,NA,NA,757,22.3,NA,NA,NA,NA,NA,93.6,0.196,NA,NA,3.23,117,10.4,11.9,0.37,0.181,0.00382,0.032,48.5,NA,NA,NA,63.7,1.52,1.16,148,0.55,108,44.8,73.43,67.57,22.94,44.63,5.865,2.39,0.425,0.338,1.3,125,17.4,12.8,29.8,438,NA,15.5,2.81,1.16,17.1,0.188,3.12,3.31,19,0.507,NA,NA,NA,NA,NA,NA,NA,NA,NA,NA,NA,NA
Hemiechinus auritus,250,NA,NA,NA,NA,NA,NA,NA,NA,NA,NA,NA,NA,1900,NA,NA,NA,NA,NA,NA,1710,NA,NA,NA,NA,NA,NA,175,1.35,NA,NA,NA,198,NA,NA,NA,NA,NA,NA,142,NA,NA,NA,130,NA,NA,279,NA,187,110,309.5,278.7,75.03,203.7,30.8,NA,NA,NA,NA,NA,68.7,28.4,81.1,1073,NA,82.5,NA,NA,NA,NA,NA,NA,NA,NA,NA,NA,NA,NA,NA,NA,NA,NA,NA,NA,NA,NA
Homo sapiens,65000,354,177,91.8,45.9,44.8,22.4,145.6,72.8,71.6,35.8,2777.2,1200.6,1330000,5733.2,2960.2,3306.3999999999996,1873.8,12629.2,6479,1357820,3015,20226,14787,1704,13083,5439,114,0,125183.333333333,11833.3333333333,1513.78,137016.666666667,592,2424,335,142,0.0203,0.508,33319,204165,29013,29755,10287,190.48,1166.9,9032,156.4,9622,8087,991000,584706,75316,509391,421819,246,17,0.524,0,6016,6142,2610,28689,1063399,10477.9,18732,7008,133,3555,469,4711,5180,18222,823,1576.6,7630,180,2773,1432.6,6150.2,812.6,444.6,368,NA,NA,NA
Homo sapiens sapiens,65000,354,177,91.8,45.9,44.8,22.4,145.6,72.8,71.6,35.8,NA,NA,NA,NA,NA,NA,NA,NA,NA,NA,NA,NA,NA,NA,NA,NA,NA,NA,NA,NA,NA,NA,NA,NA,NA,NA,NA,NA,NA,NA,NA,NA,NA,NA,NA,NA,NA,NA,NA,NA,NA,NA,NA,NA,NA,NA,NA,NA,NA,NA,NA,NA,NA,NA,NA,NA,NA,NA,NA,NA,NA,NA,NA,NA,NA,NA,NA,NA,NA,NA,NA,NA,NA,NA,NA
Hylobates lar,5700,118.8,59.4,29,14.5,11.06,5.53,49,24.5,29.8,14.9,80,40,102000,262,131,234,117,578,289,88803,NA,5750,4574,562,4012,1176,43.9,0,9675,1950,242.09,11625,NA,NA,166.2,NA,NA,NA,5716,13610,2744,1743,2673,65.6,141.08,1264,35.41,2251,1459,68300,46646,6279,40367,19154,NA,NA,NA,NA,NA,1136,302,4784,76001,1167.9,555,693,31.2,629,61.6,715,777,3226,302,NA,2050,100,NA,NA,NA,NA,NA,NA,NA,NA,NA
Hylobates muelleri,5710,NA,NA,NA,NA,NA,NA,NA,NA,NA,NA,284,142,101.8,572,286,222,111,1078,539,98263,NA,NA,NA,NA,NA,NA,NA,NA,NA,NA,NA,NA,NA,NA,161.6,NA,NA,NA,NA,NA,NA,NA,NA,NA,NA,NA,NA,NA,NA,NA,NA,NA,NA,NA,NA,NA,NA,NA,NA,NA,NA,NA,NA,NA,NA,NA,NA,NA,NA,NA,NA,NA,NA,NA,NA,NA,NA,NA,NA,NA,NA,NA,NA,NA,NA
Indri indri,6250,102.6,51.3,23.6,11.8,19.02,9.51,44.4,22.2,15.6,7.8,66,33,38300,170,85,100,50,334,167,32481,NA,1961,1648,279,1369,313,168,2.32,NA,NA,141.3,5504,NA,NA,94.5,5.63,0.366,0.553,2911,NA,NA,NA,1520,46.96,56.31,838,38.03,1342,978,20114,15891,2702,13189,4223,NA,7.15,4.96,NA,NA,848,205,1855,25551,186.3,330,NA,NA,NA,NA,NA,NA,NA,NA,NA,NA,NA,NA,NA,NA,NA,NA,NA,NA,NA,NA
Lagothrix lagothricha,5200,106,53,28.2,14.1,13.88,6.94,46,23,18.14,9.07,NA,NA,101000,NA,NA,NA,NA,NA,NA,95503,NA,6082,4856,604,4252,1226,73.4,1.43,NA,NA,212.95,11268,NA,NA,164,10.6,0.885,0.583,5721,11780,2434,1625,1586,60.23,108.57,1395,44.15,2110,1582,65873,49147,7664,41483,16727,NA,7.01,2.6,NA,NA,680,266,4947,74822,725.6,1090,612,31,624,63.8,845,909,2959,203,NA,NA,NA,NA,NA,NA,NA,NA,NA,NA,NA,NA
Lagothrix lagotricha,5200,106.2,53.1,28.2,14.1,13.88,6.94,46,23,18.14,9.07,NA,NA,NA,NA,NA,NA,NA,NA,NA,NA,NA,NA,NA,NA,NA,NA,NA,NA,NA,NA,NA,NA,NA,NA,NA,NA,NA,NA,NA,NA,NA,NA,NA,NA,NA,NA,NA,NA,NA,NA,NA,NA,NA,NA,NA,NA,NA,NA,NA,NA,NA,NA,NA,NA,NA,NA,NA,NA,NA,NA,NA,NA,NA,NA,NA,NA,NA,NA,NA,NA,NA,NA,NA,NA,NA
Leontopithecus rosalia,598,NA,NA,NA,NA,NA,NA,NA,NA,NA,NA,24,12,12.7,42,21,8,4,74,37,12259,NA,NA,NA,NA,NA,NA,NA,NA,NA,NA,NA,NA,NA,NA,NA,NA,NA,NA,NA,NA,NA,NA,NA,NA,NA,NA,NA,NA,NA,NA,NA,NA,NA,NA,NA,NA,NA,NA,NA,NA,NA,NA,NA,NA,NA,NA,NA,NA,NA,NA,NA,NA,NA,NA,NA,NA,NA,NA,NA,NA,NA,NA,NA,NA,NA
Lepilemur ruficaudatus,915,29.8,14.9,8.94,4.47,4.76,2.38,11.84,5.92,4.22,2.11,NA,NA,7600,NA,NA,NA,NA,NA,NA,7175,133,358,326,52.5,274,31.4,113,2.72,NA,NA,23.07,1165,42.5,90.4,15.6,0.731,0.132,0.121,593,NA,NA,NA,392,6.41,9.35,302,7.31,449,260,3282,2805,488.6,2317,476.6,7.18,1.75,0.888,0.624,170,194,56.7,366,4708,26.2,76.5,63,4.89,114,2.91,55.2,58.1,337,20.7,NA,NA,NA,NA,NA,NA,NA,NA,NA,NA,NA,NA
Lophocebus albigena,7900,174,87,50.4,25.2,20,10,71.2,35.6,32.4,16.2,190,95,104000,540,270,342,171,1072,536,106660,NA,6831,5420,NA,NA,1411,121,0,7700,4000,232.63,11700,NA,NA,182,11.9,0.233,0.658,5351,13310,3926,3063,1485,74.6,113.33,1639,44.7,2708,1770,68733,NA,NA,NA,NA,NA,6,1.69,NA,NA,630,294,4146,77049,873.3,742,708,27.9,681,52.4,674,726,2933,308,NA,NA,NA,NA,NA,NA,NA,NA,NA,NA,NA,NA
Loris tardigradus,322,16.92,8.46,4.16,2.08,2.44,1.22,7.1,3.55,3.22,1.61,6,3,6600,12,6,6,3,24,12,6612,NA,588,529,NA,NA,59.6,85.8,2.3,NA,NA,17.99,728,NA,NA,24.6,0.335,0.103,0.207,538,NA,NA,NA,191,5.58,5.76,256,6.65,233,220,3524,NA,NA,NA,NA,NA,1.15,0.822,NA,NA,99.7,41.1,351,4551,28.9,51.6,46.3,3.21,80.9,3.79,41.4,45.2,348,15.7,NA,NA,NA,NA,NA,NA,NA,NA,NA,NA,NA,NA
Macaca fascicularis,NA,NA,NA,NA,NA,NA,NA,NA,NA,NA,NA,NA,NA,57600,NA,NA,NA,NA,NA,NA,55600,NA,NA,NA,NA,NA,NA,NA,NA,NA,NA,NA,NA,NA,NA,91.9,NA,NA,NA,NA,NA,NA,NA,NA,NA,NA,NA,NA,NA,NA,NA,NA,NA,NA,NA,NA,NA,NA,NA,NA,NA,NA,NA,NA,NA,NA,NA,NA,NA,NA,NA,NA,NA,NA,NA,1400,46,NA,NA,NA,NA,NA,NA,NA,NA,NA
Macaca maura,6050,NA,NA,NA,NA,NA,NA,NA,NA,NA,NA,142,71,83.3,480,240,362,181,984,492,80405,NA,NA,NA,NA,NA,NA,NA,NA,NA,NA,NA,NA,NA,NA,NA,NA,NA,NA,NA,NA,NA,NA,NA,NA,NA,NA,NA,NA,NA,NA,NA,NA,NA,NA,NA,NA,NA,NA,NA,NA,NA,NA,NA,NA,NA,NA,NA,NA,NA,NA,NA,NA,NA,NA,NA,NA,NA,NA,NA,NA,NA,NA,NA,NA,NA
Macaca mulatta,7800,165,82.5,31,15.5,33.8,16.9,67.4,33.7,32.8,16.4,NA,NA,93000,NA,NA,NA,NA,NA,NA,84880,NA,6586,5343,NA,NA,1243,84.3,0,4883.33333333333,2333.33333333333,235.31,7233.33333333333,NA,NA,158,12.4,0.27,0.36,4480,NA,NA,NA,1353,75.13,106.94,1220,53.24,1992,1380,63482,NA,NA,NA,NA,NA,7.66,2.83,NA,NA,639,271,4032,71080,639.2,834,NA,NA,NA,NA,NA,NA,NA,NA,NA,NA,NA,NA,NA,NA,NA,NA,NA,NA,NA,NA
Microcebus murinus,54,8.04,4.02,2.16,1.08,1.52,0.76,3,1.5,1.358,0.679,NA,NA,1780,NA,NA,NA,NA,NA,NA,1680,36.4,144,136,15,121,8.24,43,1.62,NA,NA,4.74,234,12.1,24.3,7.07,0.14,0.0233,0.0556,134,NA,NA,NA,100,1.14,2.11,103,1.49,99.1,85.2,739.5,674.2,94.97,579.3,65.31,NA,0.461,0.274,0.264,66.8,40.1,15.3,85.7,1129,5.9,11.3,9.08,1.44,29.8,0.65,10.7,11.4,78.3,6.17,NA,NA,NA,NA,NA,NA,NA,NA,NA,NA,NA,NA
Microgale cowani,15.2,NA,NA,NA,NA,NA,NA,NA,NA,NA,NA,NA,NA,420,NA,NA,NA,NA,NA,NA,392,NA,NA,NA,NA,NA,NA,35.9,0.162,NA,NA,NA,49.5,NA,NA,NA,0.0152,0.00129,0.0116,25.4,NA,NA,NA,36.4,NA,NA,79,NA,45.3,24,57.2,NA,NA,NA,NA,NA,0.147,0.216,NA,NA,13.5,6.08,19.4,248,NA,7.12,NA,NA,NA,NA,NA,NA,NA,NA,NA,NA,NA,NA,NA,NA,NA,NA,NA,NA,NA,NA
Microgale mergulus,92,NA,NA,NA,NA,NA,NA,NA,NA,NA,NA,NA,NA,1150,NA,NA,NA,NA,NA,NA,1046,NA,NA,NA,NA,NA,NA,42.9,0.323,NA,NA,NA,176,NA,NA,NA,0.122,0.00202,0.0194,81,NA,NA,NA,78.2,NA,NA,87.4,NA,204,67.4,196,NA,NA,NA,NA,NA,0.469,0.602,NA,NA,36.4,19.5,57.9,518,NA,12.6,NA,NA,NA,NA,NA,NA,NA,NA,NA,NA,NA,NA,NA,NA,NA,NA,NA,NA,NA,NA
Micropotamogale lamottei,64.2,NA,NA,NA,NA,NA,NA,NA,NA,NA,NA,NA,NA,800,NA,NA,NA,NA,NA,NA,743,NA,NA,NA,NA,NA,NA,34,0.0605,NA,NA,NA,82.7,NA,NA,NA,NA,NA,NA,62.8,NA,NA,NA,77.7,NA,NA,67.3,NA,135,58.6,144,NA,NA,NA,NA,NA,NA,NA,NA,NA,32.9,15.1,32.6,404,NA,11.9,NA,NA,NA,NA,NA,NA,NA,NA,NA,NA,NA,NA,NA,NA,NA,NA,NA,NA,NA,NA
Miopithecus talapoin,1200,79.6,39.8,18.48,9.24,14.5,7.25,31.4,15.7,15.22,7.61,NA,NA,40000,NA,NA,NA,NA,NA,NA,37776,NA,3048,2339,NA,NA,709,27.8,0,NA,NA,78.95,3374,NA,NA,109,2.03,0.22,0.192,2375,5180,906,548,705,26.42,33.84,706,18.69,1035,826,26427,NA,NA,NA,NA,NA,2.07,0.866,NA,NA,259,133,1908,30166,273.7,262,NA,NA,NA,NA,NA,NA,NA,NA,NA,NA,NA,NA,NA,NA,NA,NA,NA,NA,NA,NA
Nasalis larvatus,14000,172.4,86.2,50.4,25.2,29.6,14.8,67.2,33.6,25.2,12.6,NA,NA,97000,NA,NA,NA,NA,NA,NA,92797,NA,NA,NA,NA,NA,NA,30.3,0,NA,NA,340.36,12113,NA,NA,156.6,NA,NA,NA,5310,8080,1749,933,1966,105.48,149.33,1268,85.55,2945,1556,62685,NA,NA,NA,NA,NA,NA,NA,NA,NA,855,333,3735,70873,967.4,591,564,29.6,671,37.2,550,587,3036,304,NA,NA,NA,NA,NA,NA,NA,NA,NA,NA,NA,NA
Neomys fodiens,15.2,NA,NA,NA,NA,NA,NA,NA,NA,NA,NA,NA,NA,320,NA,NA,NA,NA,NA,NA,299,13.4,NA,NA,NA,NA,NA,15.8,0.101,NA,NA,NA,38.9,6,7.39,NA,0.027,4.18e-4,0.0069,25.2,NA,NA,NA,32.9,NA,NA,36,NA,42.2,17.3,56.56,50.19,9.67,40.52,6.371,1.38,0.205,0.263,0.403,52.7,9,6.42,18.7,175,NA,1.63,NA,NA,NA,NA,NA,NA,NA,NA,NA,NA,NA,NA,NA,NA,NA,NA,NA,NA,NA,NA
Nesogale dobsoni,32.6,NA,NA,NA,NA,NA,NA,NA,NA,NA,NA,NA,NA,560,NA,NA,NA,NA,NA,NA,513,NA,NA,NA,NA,NA,NA,53.6,0.178,NA,NA,NA,57.3,NA,NA,NA,0.0356,9.5e-4,0.0076,32.8,NA,NA,NA,67,NA,NA,93.5,NA,59,37.9,62.9,NA,NA,NA,NA,NA,0.242,0.28,NA,NA,16.3,9.58,23.1,326,NA,5.31,NA,NA,NA,NA,NA,NA,NA,NA,NA,NA,NA,NA,NA,NA,NA,NA,NA,NA,NA,NA
Nesogale talazaci,50.4,NA,NA,NA,NA,NA,NA,NA,NA,NA,NA,NA,NA,790,NA,NA,NA,NA,NA,NA,741,NA,NA,NA,NA,NA,NA,74.3,0.369,NA,NA,NA,92.3,NA,NA,NA,0.0894,0.00147,0.0191,43.8,NA,NA,NA,98.9,NA,NA,139,NA,85.3,47.2,96.2,NA,NA,NA,NA,NA,0.381,0.378,NA,NA,20.7,11.2,31.2,472,NA,6.02,NA,NA,NA,NA,NA,NA,NA,NA,NA,NA,NA,NA,NA,NA,NA,NA,NA,NA,NA,NA
Nycticebus coucang,800,37,18.5,10.28,5.14,6.1,3.05,14.64,7.32,6.06,3.03,NA,NA,12500,NA,NA,NA,NA,NA,NA,11755,NA,828,696,93.8,603,132,159,4.28,NA,NA,33.75,1310,NA,NA,35.9,1.83,0.154,0.175,1077,NA,NA,NA,566,8.76,14.03,510,10.96,528,345,6192,4952,712.7,4240,1240,NA,2.04,1.34,NA,NA,212,92,760,8495,63.8,142,NA,NA,NA,NA,NA,NA,NA,NA,NA,NA,NA,NA,NA,NA,NA,NA,NA,NA,NA,NA
Oryzorictes hova,44.2,NA,NA,NA,NA,NA,NA,NA,NA,NA,NA,NA,NA,580,NA,NA,NA,NA,NA,NA,538,NA,NA,NA,NA,NA,NA,46.9,0.12,NA,NA,NA,81.3,NA,NA,NA,0.051,6.94e-4,0.018,36.9,NA,NA,NA,64.3,NA,NA,88,NA,61,26.6,66.5,NA,NA,NA,NA,NA,0.257,0.331,NA,NA,23.5,10,32.5,332,NA,4.83,NA,NA,NA,NA,NA,NA,NA,NA,NA,NA,NA,NA,NA,NA,NA,NA,NA,NA,NA,NA
Otolemur crassicaudatus,850,39.8,19.9,14.02,7.01,5.74,2.87,14.32,7.16,5.7,2.85,NA,NA,10300,NA,NA,NA,NA,NA,NA,9668,NA,548,479,NA,NA,68.4,166,2.52,NA,NA,25.9,1414,NA,NA,23.2,1.02,0.102,0.0948,785,NA,NA,NA,461,6.63,9.64,386,9.63,540,384,4723,NA,NA,NA,NA,NA,1.64,0.695,NA,NA,181,70,556,6545,54.5,147,74.6,5.71,127,4.1,63.3,67.4,437,33.9,NA,NA,NA,NA,NA,NA,NA,NA,NA,NA,NA,NA
Pan paniscus,37133.3333333333,NA,NA,NA,NA,NA,NA,NA,NA,NA,NA,719,351,352,1729.666666666666,934.333333333333,531.333333333334,260.666666666667,3279,1690.33333333333,339766.666666667,NA,NA,NA,NA,NA,NA,NA,NA,37825,6350,NA,44175,NA,NA,282.3,NA,NA,NA,NA,50660,8356,5243,NA,NA,NA,NA,NA,NA,NA,246700,NA,NA,NA,NA,NA,NA,NA,NA,NA,NA,NA,NA,NA,NA,NA,NA,NA,NA,NA,NA,NA,NA,NA,368,5800,133.33333333333334,795.333333333333,270.666666666667,1588.66666666667,299.66666666666697,144.666666666667,155,NA,NA,NA
Pan troglodytes,46000,236,118,59.6,29.8,19.3,9.65,109.4,54.7,47,23.5,322.16666666666697,164.666666666667,405000,1294.666666666667,703.666666666667,1132.833333333333,667.333333333333,2928.6666666666697,1600.66666666667,330790,NA,14597,10593,1156,9437,4004,257,0,42114.2857142857,4985.71428571429,601.42,47100,NA,NA,344,38,0.387,0.606,15392,68220,13407,12780,3779,87.27,455.83,2750,58.32,5817,3739,264650,172597,21960,150637,118996,NA,9.4,2.7,NA,NA,2018,851,12246,313493,3990.6,1899,2510,53.6,1739,127,1951,2078,7987,630,157.5,4142.857142857143,150,591,465.5,1328,179.66666666666669,65.6666666666667,114,NA,NA,NA
Papio anubis,25000,214,107,67.8,33.9,21,10.5,96.2,48.1,28.8,14.4,NA,NA,201000,NA,NA,NA,NA,NA,NA,190957,NA,13741,10001,919,9082,3740,287,0,NA,NA,379.04,18683,NA,NA,395,51.1,0.347,0.405,9280,24280,4686,3325,3398,99.91,220.35,2111,58.78,5297,2711,140142,85726,10642,75084,54416,NA,12.7,1.86,NA,NA,1309,559,7182,154987,2177.7,1081,1257,65.4,1076,94.7,1147,1241,4788,601,NA,NA,NA,NA,NA,NA,NA,NA,NA,NA,NA,NA
Papio cynocephalus,NA,NA,NA,NA,NA,NA,NA,NA,NA,NA,NA,NA,NA,NA,NA,NA,NA,NA,NA,NA,143300,NA,NA,NA,NA,NA,NA,NA,NA,10000,3600,NA,13600,NA,NA,NA,NA,NA,NA,NA,NA,NA,NA,NA,NA,NA,NA,NA,NA,NA,NA,NA,NA,NA,NA,NA,NA,NA,NA,NA,NA,NA,NA,NA,NA,NA,NA,NA,NA,NA,NA,NA,NA,NA,NA,NA,NA,NA,NA,NA,NA,NA,NA,NA,NA,NA
Perodicticus potto,1150,34.6,17.3,7.76,3.88,5.32,2.66,15.74,7.87,5.72,2.86,8,4,14000,20,10,32,16,62,31,11100,NA,552,495,NA,NA,57.7,310,2.74,NA,NA,29.44,1699,NA,NA,24.3,1.76,0.264,0.216,1024,NA,NA,NA,607,8.43,12.25,661,8.76,680,391,6683,NA,NA,NA,NA,NA,3.77,2.27,NA,NA,328,114,712,9418,77.7,127,107,10.4,160,8.19,107,116,587,19.5,NA,NA,NA,NA,NA,NA,NA,NA,NA,NA,NA,NA
Piliocolobus badius,7000,114.6,57.3,29,14.5,20,10,48.2,24.1,17.36,8.68,106,53,78000,232,116,144,72,482,241,72394,479,3979,3053,360,2693,926,51.3,0,NA,NA,190.92,8648,114,365,128,7.31,0.265,0.454,3945,10940,2260,1317,1671,57.76,98.52,937,34.64,2007,1333,50906,36575,5130,31444,14331,45.5,4.54,2.26,0,458,814,288,3217,57885,646.4,455,460,22.3,484,31.9,521,553,2164,201,NA,NA,NA,NA,NA,NA,NA,NA,NA,NA,NA,NA
Pithecia monachus,1500,77.6,38.8,20.2,10.1,17.16,8.58,24,12,16.14,8.07,NA,NA,35000,NA,NA,NA,NA,NA,NA,32867,NA,2130,1679,NA,NA,451,34.8,0.846,NA,NA,109.36,3908,NA,NA,76.3,0.0623,0.189,0.3,2285,3680,NA,NA,834,31.78,53.67,675,23.91,1009,745,21028,NA,NA,NA,NA,NA,2.53,1.31,NA,NA,289,140,1918,24920,211.8,631,NA,NA,NA,NA,NA,NA,NA,NA,NA,NA,NA,NA,NA,NA,NA,NA,NA,NA,NA,NA
Pithecia pithecia,1580,NA,NA,NA,NA,NA,NA,NA,NA,NA,NA,208,104,30,270,135,80,40,558,279,28958,NA,NA,NA,NA,NA,NA,NA,NA,NA,NA,NA,NA,NA,NA,NA,NA,NA,NA,NA,NA,819,496,NA,NA,NA,NA,NA,NA,NA,NA,NA,NA,NA,NA,NA,NA,NA,NA,NA,NA,NA,NA,NA,NA,NA,NA,NA,NA,NA,NA,NA,NA,NA,NA,NA,NA,NA,NA,NA,NA,NA,NA,NA,NA,NA
Plecturocebus moloch,900,66.2,33.1,17.04,8.52,10.58,5.29,26.2,13.1,12.34,6.17,NA,NA,NA,NA,NA,NA,NA,NA,NA,NA,NA,NA,NA,NA,NA,NA,NA,NA,NA,NA,NA,NA,NA,NA,NA,NA,NA,NA,NA,NA,NA,NA,NA,NA,NA,NA,NA,NA,NA,NA,NA,NA,NA,NA,NA,NA,NA,NA,NA,NA,NA,NA,NA,NA,NA,NA,NA,NA,NA,NA,NA,NA,NA,NA,NA,NA,NA,NA,NA,NA,NA,NA,NA,NA,NA
Pongo sp.,46325,NA,NA,NA,NA,NA,NA,NA,NA,NA,NA,717.25,254.75,353.2,1562.75,828.25,400.75,208.75,2738.5,1331.5,340925,1400,NA,8400,NA,NA,NA,NA,NA,44600,5200,NA,49800,NA,NA,259.1,NA,NA,NA,13500,42960,6353,4745,2700,NA,NA,NA,NA,5500,4000,269233.3333333333,129900,NA,NA,81500,NA,NA,NA,NA,2400,NA,600,11500,238300,NA,NA,NA,NA,NA,NA,1800,NA,NA,NA,462.5,4133.333333333333,133.33333333333334,734.5,192,1407,57.75,39.75,18,1300,4300,1000
Potamogale velox,660,NA,NA,NA,NA,NA,NA,NA,NA,NA,NA,NA,NA,4160,NA,NA,NA,NA,NA,NA,3878,NA,NA,NA,NA,NA,NA,86,2.31,NA,NA,NA,605,NA,NA,NA,0.00309,0.00174,0.089,298,NA,NA,NA,298,NA,NA,194,NA,756,254,1054,NA,NA,NA,NA,NA,1.45,1.1,NA,NA,145,51.4,134,1964,NA,16.6,NA,NA,NA,NA,NA,NA,NA,NA,NA,NA,NA,NA,NA,NA,NA,NA,NA,NA,NA,NA
Propithecus verreauxi,3480,86.6,43.3,24.8,12.4,14.74,7.37,30.6,15.3,16.36,8.18,NA,NA,26700,NA,NA,NA,NA,NA,NA,25194,251,1355,1106,131,974,249,147,3.4,NA,NA,97.12,3957,78.7,172,64.5,3.26,0.357,0.507,2195,NA,NA,NA,1043,30.94,39.46,664,26.72,1223,780,13170,9835,1428,8407,3335,18.8,3.65,1.6,0.921,292,443,159,1411,17040,169.3,231,324,14.6,328,20,263,283,1341,125,NA,NA,NA,NA,NA,NA,NA,NA,NA,NA,NA,NA
Pygathrix nemaeus,7500,125,62.5,36.4,18.2,24.4,12.2,36.2,18.1,28,14,NA,NA,77000,NA,NA,NA,NA,NA,NA,72530,NA,NA,NA,NA,NA,NA,10.7,0,NA,NA,265.75,8063,NA,NA,114.8,NA,NA,NA,4727,NA,NA,NA,2295,80.76,137.05,942,47.94,2206,1345,48763,NA,NA,NA,NA,NA,NA,NA,NA,NA,723,290,3166,56189,708.5,911,NA,NA,NA,NA,NA,NA,NA,NA,NA,NA,NA,NA,NA,NA,NA,NA,NA,NA,NA,NA
Rhynchocyon cirnei,490,NA,NA,NA,NA,NA,NA,NA,NA,NA,NA,NA,NA,6100,NA,NA,NA,NA,NA,NA,5680,NA,NA,NA,NA,NA,NA,426,0.666,NA,NA,NA,798,NA,NA,NA,1.41,0.403,0.0576,524,NA,NA,NA,582,NA,NA,705,NA,507,523,1089,NA,NA,NA,NA,NA,2.09,0.937,NA,NA,220,81.5,222,3328,NA,97.2,NA,NA,NA,NA,NA,NA,NA,NA,NA,NA,NA,NA,NA,NA,NA,NA,NA,NA,NA,NA
S. oedipus,380,36.8,18.4,8.98,4.49,7.26,3.63,14.5,7.25,5.96,2.98,NA,NA,NA,NA,NA,NA,NA,NA,NA,NA,NA,NA,NA,NA,NA,NA,NA,NA,NA,NA,NA,NA,NA,NA,NA,NA,NA,NA,NA,NA,NA,NA,NA,NA,NA,NA,NA,NA,NA,NA,NA,NA,NA,NA,NA,NA,NA,NA,NA,NA,NA,NA,NA,NA,NA,NA,NA,NA,NA,NA,NA,NA,NA,NA,NA,NA,NA,NA,NA,NA,NA,NA,NA,NA,NA
Saguinus geoffroyi,482,NA,NA,NA,NA,NA,NA,NA,NA,NA,NA,12,6,10.5,18,9,18,9,46,23,10135,NA,NA,NA,NA,NA,NA,NA,NA,NA,NA,NA,NA,NA,NA,NA,NA,NA,NA,NA,NA,NA,NA,NA,NA,NA,NA,NA,NA,NA,NA,NA,NA,NA,NA,NA,NA,NA,NA,NA,NA,NA,NA,NA,NA,NA,NA,NA,NA,NA,NA,NA,NA,NA,NA,NA,NA,NA,NA,NA,NA,NA,NA,NA,NA,NA
Saguinus midas,340,31.6,15.8,7.2,3.6,6.56,3.28,11.4,5.7,6.42,3.21,NA,NA,10300,NA,NA,NA,NA,NA,NA,9569,NA,1061,841,NA,NA,220,17.3,0.29,NA,NA,21.57,1061,NA,NA,36.8,0.216,0.0994,0.0795,692,NA,NA,NA,280,6.94,7.75,243,6.88,428,332,5883,NA,NA,NA,NA,NA,1.18,0.559,NA,NA,120,40.9,471,7055,45.7,251,NA,NA,NA,NA,NA,NA,NA,NA,NA,NA,NA,NA,NA,NA,NA,NA,NA,NA,NA,NA
Saguinus oedipus,380,36.8,18.4,8.98,4.49,7.26,3.63,14.5,7.25,5.96,2.98,12,6,10000,26,13,14,7,52,26,8938.2,NA,977,807,NA,NA,170,19.1,0.406,NA,NA,24.6,984,NA,NA,34.2,0.392,0.0921,0.167,754,NA,NA,NA,262,7.19,8.8,256,8.61,413,333,5894,NA,NA,NA,NA,NA,1.55,1.08,NA,NA,107,60.5,453,7052,50.9,62.6,62.7,4.93,152,4.45,73.2,77.6,410,50.5,NA,NA,NA,NA,NA,NA,NA,NA,NA,NA,NA,NA
Saimiri sciureus,660,58.8,29.4,14.62,7.31,12.52,6.26,22.8,11.4,8.86,4.43,NA,NA,24000,NA,NA,NA,NA,NA,NA,23100,227,2326,1884,175,1709,442,26.8,0.985,1150,875,73.22,2050,45.9,181,62.9,2.71,0.143,0.255,1430,NA,NA,NA,352,21.93,27.2,413,24.09,722,526,15541,11832,1275,10557,3710,15,2.77,0.598,0,186,168,90.6,1042,17635,135.2,299,132,8.86,207,11.5,169,180,731,117,NA,NA,NA,NA,NA,NA,NA,NA,NA,NA,NA,NA
Sapajus apella,NA,NA,NA,NA,NA,NA,NA,NA,NA,NA,NA,NA,NA,NA,NA,NA,NA,NA,NA,NA,66450,NA,NA,NA,NA,NA,NA,NA,NA,4650,1825,NA,6450,NA,NA,NA,NA,NA,NA,NA,NA,NA,NA,NA,NA,NA,NA,NA,NA,NA,NA,NA,NA,NA,NA,NA,NA,NA,NA,NA,NA,NA,NA,NA,NA,NA,NA,NA,NA,NA,NA,NA,NA,NA,NA,NA,NA,NA,NA,NA,NA,NA,NA,NA,NA,NA
Setifer setosus,248,7.5,3.75,2.28,1.14,0.966,0.483,2.88,1.44,1.378,0.689,NA,NA,1510,NA,NA,NA,NA,NA,NA,1404,67.2,NA,NA,NA,NA,NA,209,0.534,NA,NA,4.19,142,30.9,36.2,1.05,0.445,0.0031,0.06,99.7,NA,NA,NA,99.2,1.78,1.21,336,1.2,183,75.7,134.1,116.7,37.48,79.23,17.4,7.46,0.426,0.329,2.71,269,41.9,26,56.6,903,NA,21.3,8.57,1.62,38.3,0.316,5.49,5.81,41.5,1.07,NA,NA,NA,NA,NA,NA,NA,NA,NA,NA,NA,NA
Solenodon paradoxus,900,NA,NA,NA,NA,NA,NA,NA,NA,NA,NA,NA,NA,4670,NA,NA,NA,NA,NA,NA,4282,NA,NA,NA,NA,NA,NA,465,0.218,NA,NA,NA,753,NA,NA,NA,1.27,0.0435,0.083,269,NA,NA,NA,296,NA,NA,689,NA,466,206,661,NA,NA,NA,NA,NA,2.08,0.87,NA,NA,156,65.4,255,2486,NA,56.4,NA,NA,NA,NA,NA,NA,NA,NA,NA,NA,NA,NA,NA,NA,NA,NA,NA,NA,NA,NA
Sorex araneus,10.3,1.236,0.618,0.332,0.166,0.191,0.0955,0.498,0.249,0.214,0.107,NA,NA,200,NA,NA,NA,NA,NA,NA,188,7.19,NA,NA,NA,NA,NA,15.7,0.0776,NA,NA,0.58,20.4,3.29,3.9,0.07,0.0102,1.2e-4,0.00326,13.7,NA,NA,NA,20.6,0.18,0.21,32.7,0.18,27.1,10.8,26.36,24.82,5.189,19.63,1.536,0.704,0.0749,0.115,NA,25.6,6.83,3.2,10.5,116,NA,1.17,0.61,0.264,5.17,0.105,0.979,1.09,7.25,0.144,NA,NA,NA,NA,NA,NA,NA,NA,NA,NA,NA,NA
Sorex minutus,5.3,0.82,0.41,0.232,0.116,0.1426,0.0713,0.348,0.174,0.0964,0.0482,NA,NA,110,NA,NA,NA,NA,NA,NA,103,3.34,NA,NA,NA,NA,NA,8.65,0.0202,NA,NA,0.35,11,1.78,1.56,0.06,0.00359,2.65e-4,0.00284,8.69,NA,NA,NA,10.5,0.13,0.13,17.2,0.09,17,5.91,12.65,11.81,2.436,9.371,0.844,0.549,0.0586,0.07,0.174,13.9,3.62,2.02,6.02,60.7,NA,0.46,0.288,0.161,3.07,0.0569,0.65,0.707,3.92,0.106,NA,NA,NA,NA,NA,NA,NA,NA,NA,NA,NA,NA
Suncus murinus,35.5,2.06,1.03,0.648,0.324,0.334,0.167,0.876,0.438,0.2,0.1,NA,NA,380,NA,NA,NA,NA,NA,NA,354,NA,NA,NA,NA,NA,NA,34.2,0.182,NA,NA,1.06,44.8,NA,NA,0.18,0.0628,0.00223,0.0148,26,NA,NA,NA,31.2,0.38,0.44,56.2,0.23,50.5,24.2,54.13,50.59,14.07,36.51,3.54,NA,0.168,0.201,NA,NA,12.6,5.5,14.8,209,NA,4.6,1.18,0.53,9.67,0.116,1.58,1.7,12.3,0.232,NA,NA,NA,NA,NA,NA,NA,NA,NA,NA,NA,NA
Symphalangus syndactylus,11900,NA,NA,NA,NA,NA,NA,NA,NA,NA,NA,142,71,138.7,294,147,396,198,832,416,133880,NA,NA,NA,NA,NA,NA,NA,NA,NA,NA,NA,NA,NA,NA,NA,NA,NA,NA,NA,NA,NA,NA,NA,NA,NA,NA,NA,NA,NA,NA,NA,NA,NA,NA,NA,NA,NA,NA,NA,NA,NA,NA,NA,NA,NA,NA,NA,NA,NA,NA,NA,NA,NA,NA,2700,NA,NA,NA,NA,NA,NA,NA,NA,NA,NA
Talpa europaea,76,NA,NA,NA,NA,NA,NA,NA,NA,NA,NA,NA,NA,1020,NA,NA,NA,NA,NA,NA,953,NA,NA,NA,NA,NA,NA,59.6,0.291,NA,NA,NA,174,NA,NA,NA,0.0497,0.0102,0.00857,80.4,NA,NA,NA,86.8,NA,NA,112,NA,95.4,49.8,181,NA,NA,NA,NA,NA,0.366,0.33,NA,NA,39.6,15,60.2,554,NA,10.9,NA,NA,NA,NA,NA,NA,NA,NA,NA,NA,NA,NA,NA,NA,NA,NA,NA,NA,NA,NA
Tarsius sp.,125,15.38,7.69,4.82,2.41,2.32,1.16,6.72,3.36,1.518,0.759,NA,NA,3600,NA,NA,NA,NA,NA,NA,3393,49.8,370,349,41.2,307,21.3,18.8,0.82,NA,NA,8.06,428,11.1,38.7,20.8,2.03,0.114,0.0482,303,NA,NA,NA,153,1.82,3.37,92.7,2.87,207,197,1768,1631,236.3,1395,137,5.35,1.13,0.405,0.0752,39.1,69,23.3,133,2258,16.5,24.1,16.7,2.53,42.5,1.09,16.1,17.1,175,15.5,NA,NA,NA,NA,NA,NA,NA,NA,NA,NA,NA,NA
Tarsius spp.,125,15.38,7.69,4.82,2.41,2.32,1.16,6.72,3.36,1.518,0.759,NA,NA,NA,NA,NA,NA,NA,NA,NA,NA,NA,NA,NA,NA,NA,NA,NA,NA,NA,NA,NA,NA,NA,NA,NA,NA,NA,NA,NA,NA,NA,NA,NA,NA,NA,NA,NA,NA,NA,NA,NA,NA,NA,NA,NA,NA,NA,NA,NA,NA,NA,NA,NA,NA,NA,NA,NA,NA,NA,NA,NA,NA,NA,NA,NA,NA,NA,NA,NA,NA,NA,NA,NA,NA,NA
Tenrec ecaudatus,832,15.18,7.59,4.7,2.35,2.66,1.33,5.36,2.68,2.46,1.23,NA,NA,2570,NA,NA,NA,NA,NA,NA,2315,88.1,NA,NA,NA,NA,NA,314,0.715,NA,NA,9.82,309,39.9,48.1,1.46,0.48,0.0112,0.124,153,NA,NA,NA,146,4.43,3.33,464,2.06,313,132,270.9,235.4,72.81,162.5,35.51,8.9,0.988,0.704,3.18,364,76.5,36.9,98.1,1407,2.51,65.3,13.2,2.7,51.4,0.481,11,11.5,62.1,2.73,NA,NA,NA,NA,NA,NA,NA,NA,NA,NA,NA,NA
Trachypithecus francoisi,7700,NA,NA,NA,NA,NA,NA,NA,NA,NA,NA,320,160,102.1,434,217,498,249,1250,625,98552,NA,NA,NA,NA,NA,NA,NA,NA,NA,NA,NA,NA,NA,NA,NA,NA,NA,NA,NA,NA,NA,NA,NA,NA,NA,NA,NA,NA,NA,NA,NA,NA,NA,NA,NA,NA,NA,NA,NA,NA,NA,NA,NA,NA,NA,NA,NA,NA,NA,NA,NA,NA,NA,NA,NA,NA,NA,NA,NA,NA,NA,NA,NA,NA,NA
Tupaia glis,170,20.2,10.1,5.24,2.62,4.14,2.07,6.54,3.27,4.32,2.16,NA,NA,3200,NA,NA,NA,NA,NA,NA,2999,76.5,179,169,19.6,149,10.2,131.5,2.41,NA,NA,12.46,376,24.2,52.3,12.9,0.393,0.0804,0.0608,275,NA,NA,NA,152,3.4,5.13,269,3.93,219,256,1036,941.4,126.8,814.6,94.83,4.27,0.947,0.454,1.71,182,114,27.5,140,1873,13.8,38.2,24.6,1.98,47.5,1.39,17.2,18.6,153,39.3,NA,NA,NA,NA,NA,NA,NA,NA,NA,NA,NA,NA
Tupaia minor,70,NA,NA,NA,NA,NA,NA,NA,NA,NA,NA,NA,NA,2580,NA,NA,NA,NA,NA,NA,2430,NA,164,152,NA,NA,12.5,94.3,2.28,NA,NA,NA,308,NA,NA,9.88,NA,NA,NA,251,NA,NA,NA,132,NA,NA,205,NA,173,249,774,NA,NA,NA,NA,NA,NA,NA,NA,NA,91.9,26.1,124,1449,NA,22.2,NA,NA,NA,NA,NA,NA,NA,NA,NA,NA,NA,NA,NA,NA,NA,NA,NA,NA,NA,NA
Urogale everetti,275,25,12.5,7.18,3.59,4.66,2.33,9.36,4.68,3.82,1.91,NA,NA,4280,NA,NA,NA,NA,NA,NA,3997,NA,136,123,15.5,108,12.7,184,2.1,NA,NA,15.07,513,NA,NA,9.98,1.42,0.0572,0.136,394,NA,NA,NA,173,3.94,7,362,4.13,355,307,1338,1139,157.2,981.6,199.2,NA,0.926,0.66,NA,NA,124,45.1,199,2428,18.6,38.9,NA,NA,NA,NA,NA,NA,NA,NA,NA,NA,NA,NA,NA,NA,NA,NA,NA,NA,NA,NA
Varecia variegata,3000,86.8,43.4,27.6,13.8,15.72,7.86,29.6,14.8,13.84,6.92,24,12,31500,88,44,88,44,200,100,30405,NA,2112,1745,NA,NA,367,369,5.27,NA,NA,94.67,4286,NA,NA,68.9,4.46,0.197,0.741,2529,NA,NA,NA,1404,28.83,37.45,985,28.39,1420,1018,15293,NA,NA,NA,NA,NA,5.35,3.51,NA,NA,608,206,1591,20461,168.8,299,NA,NA,NA,NA,NA,NA,NA,NA,NA,NA,NA,NA,NA,NA,NA,NA,NA,NA,NA,NA
