species,variable,Stephan,wide,ratio,pct,status,anomaly,stephan_source,wide_source,pooled
Pan_troglodytes,Corpus geniculatum laterale,250.7,344,1.372,37.2,DIFFERENT,NA,deSousa_etal_2010_SupTable2,deSousa_etal_2013_Table1,FALSE
Gorilla_gorilla,Area striata grey,9129,12062,1.321,32.1,DIFFERENT,NA,deSousa_etal_2010_SupTable2,Frahm_etal_1984_Table1,FALSE
Pan_troglodytes,Area striata grey,8268.3,10593,1.281,28.1,DIFFERENT,NA,deSousa_etal_2010_SupTable2,Frahm_etal_1984_Table1,FALSE
Perodicticus_potto,Preferred brain volume,13212,11100,0.84,-16,DIFFERENT,NA,Stephan_etal_1981_TableII,Bauernfeind_etal_2013_Table1,FALSE
Cebus_albifrons,Preferred brain volume,66939,77027,1.151,15.1,DIFFERENT,NA,Stephan_etal_1981_TableIII,Bauernfeind_etal_2013_Table1,FALSE
Pongo_abelii,Insular cortex (grey),1158,1331.5,1.15,15,DIFFERENT,NA,Bauernfeind_etal_2013 [restricted: insulaAmy.xls],Bauernfeind_etal_2013_Table1,TRUE
Gorilla_gorilla,Preferred brain volume,470359,401785,0.854,-14.6,DIFFERENT,NA,Stephan_etal_1981_TableIII,Bauernfeind_etal_2013_Table1,FALSE
Pan_troglodytes,Preferred brain volume,382103,330790,0.866,-13.4,DIFFERENT,NA,Stephan_etal_1981_TableIII,Bauernfeind_etal_2013_Table1,FALSE
Hylobates_lar,Area striata grey,4086.7,4574,1.119,11.9,DIFFERENT,NA,deSousa_etal_2010_SupTable2,Frahm_etal_1984_Table1,FALSE
Cercopithecus_mitis,Corpus geniculatum laterale,150,167.2,1.115,11.5,DIFFERENT,NA,deSousa_etal_2010_SupTable2,deSousa_etal_2013_Table1,FALSE
Pongo_pygmaeus,Insular cortex (grey),1505,1331.5,0.885,-11.5,DIFFERENT,NA,value_differs,Bauernfeind_etal_2013_Table1,TRUE
Indri_indri,Preferred brain volume,36285,32481,0.895,-10.5,DIFFERENT,NA,Stephan_etal_1981_TableII,Bauernfeind_etal_2013_Table1,FALSE
Lophocebus_albigena,Preferred brain volume,97603,106660,1.093,9.3,DIFFERENT,NA,Stephan_etal_1981_TableIII,Bauernfeind_etal_2013_Table1,FALSE
Hylobates_lar,Preferred brain volume,97505,88803,0.911,-8.9,DIFFERENT,NA,Stephan_etal_1981_TableIII,Bauernfeind_etal_2013_Table1 (+1 tied),FALSE
Homo_sapiens,Preferred brain volume,1251847,1357820,1.085,8.5,DIFFERENT,NA,Stephan_etal_1981_TableIII,Bauernfeind_etal_2013_Table1,FALSE
Saguinus_oedipus,Preferred brain volume,9537,8938.2,0.937,-6.3,DIFFERENT,NA,Stephan_etal_1981_TableIII,Bauernfeind_etal_2013_Table1,FALSE
Pongo_pygmaeus,Neocortex grey,138300,129900,0.939,-6.1,DIFFERENT,NA,Frahm_etal_1982 [restricted: Frahm_1982.csv],Zilles_Rehkämper_1988_Table12-2,TRUE
Loris_tardigradus,Preferred brain volume,6269,6612,1.055,5.5,DIFFERENT,NA,Stephan_etal_1981_TableII,Bauernfeind_etal_2013_Table1,FALSE
Homo_sapiens,Insular cortex (grey),6165,6479,1.051,5.1,DIFFERENT,NA,Bauernfeind_etal_2013_Table1,Bauernfeind_etal_2013_Table1,FALSE
Homo_sapiens,Area striata grey,15247.5,14787,0.97,-3,DIFFERENT,NA,deSousa_etal_2010_SupTable2,Frahm_etal_1984_Table1,FALSE
Gorilla_gorilla,Corpus geniculatum laterale,308.5,300.1,0.973,-2.7,DIFFERENT,NA,deSousa_etal_2013_Table1,deSousa_etal_2013_Table1,FALSE
Pan_paniscus,Corpus geniculatum laterale,275.1,282.3,1.026,2.6,DIFFERENT,NA,deSousa_etal_2013 [restricted: compare_LGN_vs_Stephan.csv],deSousa_etal_2013_Table1,FALSE
Varecia_variegata,Preferred brain volume,29713,30405,1.023,2.3,DIFFERENT,NA,Stephan_etal_1981_TableII,Bauernfeind_etal_2013_Table1,FALSE
Saguinus_midas,Corpus geniculatum laterale,36,36.8,1.022,2.2,DIFFERENT,NA,deSousa_etal_2010_SupTable2,Stephan_etal_1981_TableIX,FALSE
Cercopithecus_mitis,Preferred brain volume,70564,69112,0.979,-2.1,DIFFERENT,NA,Stephan_etal_1981_TableIII,Bauernfeind_etal_2013_Table1,FALSE
Pongo_pygmaeus,Area striata grey,8233.7,8400,1.02,2,DIFFERENT,NA,deSousa_etal_2010_SupTable2,Zilles_Rehkämper_1988_Table12-2,TRUE
Piliocolobus_badius,Preferred brain volume,73818,72394,0.981,-1.9,DIFFERENT,NA,Stephan_etal_1981_TableIII,Bauernfeind_etal_2013_Table1,FALSE
Ateles_geoffroyi,Preferred brain volume,101034,102700,1.016,1.6,DIFFERENT,NA,Stephan_etal_1981_TableIII,Bauernfeind_etal_2013_Table1,FALSE
Avahi_occidentalis,Preferred brain volume,9124,9256.8,1.015,1.5,DIFFERENT,NA,Stephan_etal_1981_TableII,Bauernfeind_etal_2013_Table1,FALSE
Alouatta_caraya,Preferred brain volume,NA,53861,NA,NA,wide_only,NA,NA,Bauernfeind_etal_2013_Table1,FALSE
Cercocebus_agilis,Preferred brain volume,NA,91988,NA,NA,wide_only,NA,NA,Bauernfeind_etal_2013_Table1,FALSE
Colobus_angolensis,Preferred brain volume,NA,71815,NA,NA,wide_only,NA,NA,Bauernfeind_etal_2013_Table1,FALSE
Hylobates_muelleri,Preferred brain volume,NA,98263,NA,NA,wide_only,NA,NA,Bauernfeind_etal_2013_Table1,FALSE
Leontopithecus_rosalia,Preferred brain volume,NA,12259,NA,NA,wide_only,NA,NA,Bauernfeind_etal_2013_Table1,FALSE
Macaca_maura,Preferred brain volume,NA,80405,NA,NA,wide_only,NA,NA,Bauernfeind_etal_2013_Table1,FALSE
Pan_paniscus,Preferred brain volume,NA,339766.666666667,NA,NA,wide_only,NA,NA,Bauernfeind_etal_2013_Table1,FALSE
Pithecia_pithecia,Preferred brain volume,NA,28958,NA,NA,wide_only,NA,NA,Bauernfeind_etal_2013_Table1,FALSE
Pongo_abelii,Preferred brain volume,NA,340925,NA,NA,wide_only,NA,NA,Bauernfeind_etal_2013_Table1,TRUE
Pongo_pygmaeus,Preferred brain volume,NA,340925,NA,NA,wide_only,NA,NA,Bauernfeind_etal_2013_Table1,TRUE
Saguinus_geoffroyi,Preferred brain volume,NA,10135,NA,NA,wide_only,NA,NA,Bauernfeind_etal_2013_Table1,FALSE
Symphalangus_syndactylus,Preferred brain volume,NA,133880,NA,NA,wide_only,NA,NA,Bauernfeind_etal_2013_Table1 (+1 tied),FALSE
Trachypithecus_francoisi,Preferred brain volume,NA,98552,NA,NA,wide_only,NA,NA,Bauernfeind_etal_2013_Table1,FALSE
Macaca_fascicularis,Preferred brain volume,NA,55600,NA,NA,wide_only,NA,NA,deSousa_etal_2010_Table1,FALSE
Callithrix_pygmaea,Corpus geniculatum laterale,16.9,NA,NA,NA,Stephan_only,NA,deSousa_etal_2010 [restricted: Visual_volumes.xlsx],NA,FALSE
Pongo_abelii,Corpus geniculatum laterale,NA,259.1,NA,NA,wide_only,NA,NA,deSousa_etal_2013_Table1,TRUE
Pongo_abelii,Amygdala,NA,1400,NA,NA,wide_only,NA,NA,Zilles_Rehkämper_1988_Table12-2,TRUE
Avahi_laniger,Pallidum,74.5,NA,NA,NA,Stephan_only,NA,Stephan_etal_1981 [restricted: Stephan_1981.csv],NA,FALSE
Pongo_abelii,Pallidum,NA,1800,NA,NA,wide_only,NA,NA,Zilles_Rehkämper_1988_Table12-2,TRUE
Avahi_occidentalis,Pallidum,NA,74.5,NA,NA,wide_only,NA,NA,Stephan_etal_1981_TableVIII,FALSE
Pongo_abelii,Neocortex white,NA,81500,NA,NA,wide_only,NA,NA,Zilles_Rehkämper_1988_Table12-2,TRUE
Avahi_laniger,Insular cortex (grey),38,NA,NA,NA,Stephan_only,NA,Bauernfeind_etal_2013 [restricted: Bauernfeind_2013.csv],NA,FALSE
Callithrix_pygmaea,Insular cortex (grey),11,NA,NA,NA,Stephan_only,NA,Bauernfeind_etal_2013 [restricted: Bauernfeind_2013.csv],NA,FALSE
Avahi_occidentalis,Insular cortex (grey),NA,38,NA,NA,wide_only,NA,NA,Bauernfeind_etal_2013_Table1,FALSE
Avahi_laniger,Nucleus subthalamicus Luysi,5.94,NA,NA,NA,Stephan_only,NA,Stephan_etal_1981 [restricted: Stephan_1981.csv],NA,FALSE
Avahi_occidentalis,Nucleus subthalamicus Luysi,NA,5.94,NA,NA,wide_only,NA,NA,Stephan_etal_1981_TableVIII,FALSE
Avahi_laniger,Capsula interna,105,NA,NA,NA,Stephan_only,NA,Stephan_etal_1981 [restricted: Stephan_1981.csv],NA,FALSE
Avahi_occidentalis,Capsula interna,NA,105,NA,NA,wide_only,NA,NA,Stephan_etal_1981_TableVIII,FALSE
Pongo_abelii,Striatum,NA,11500,NA,NA,wide_only,NA,NA,Zilles_Rehkämper_1988_Table12-2,TRUE
Pan_paniscus,Area striata grey,11606.5,NA,NA,NA,Stephan_only,NA,deSousa_etal_2010_SupTable2,NA,FALSE
Pongo_abelii,Area striata grey,NA,8400,NA,NA,wide_only,NA,NA,Zilles_Rehkämper_1988_Table12-2,TRUE
Symphalangus_syndactylus,Area striata grey,5468.9,NA,NA,NA,Stephan_only,NA,deSousa_etal_2010_SupTable2,NA,FALSE
Macaca_fascicularis,Area striata grey,2713.3,NA,NA,NA,Stephan_only,NA,deSousa_etal_2010_SupTable2,NA,FALSE
Pongo_abelii,Neocortex grey,NA,129900,NA,NA,wide_only,NA,NA,Zilles_Rehkämper_1988_Table12-2,TRUE
Pongo_abelii,Mesencephalon,NA,4000,NA,NA,wide_only,NA,NA,Zilles_Rehkämper_1988_Table12-2,TRUE
Pongo_abelii,Cerebellum,NA,42900,NA,NA,wide_only,NA,NA,Zilles_Rehkämper_1988_Table12-2,TRUE
Pongo_abelii,Hippocampus,NA,2700,NA,NA,wide_only,NA,NA,Zilles_Rehkämper_1988_Table12-2,TRUE
