"EI_class_jorstad_like","jorstad_equivalent","supercluster_term","cluster_id","subcluster_id","n"
"E","L2/3 IT + L4 IT","Upper-layer intratelencephalic","120","2552",60
"E","L2/3 IT + L4 IT","Upper-layer intratelencephalic","120","2554",3600
"E","L2/3 IT + L4 IT","Upper-layer intratelencephalic","120","2555",2336
"E","L2/3 IT + L4 IT","Upper-layer intratelencephalic","120","2556",1637
"E","L2/3 IT + L4 IT","Upper-layer intratelencephalic","120","2612",2076
"E","L2/3 IT + L4 IT","Upper-layer intratelencephalic","120","2633",1133
"E","L2/3 IT + L4 IT","Upper-layer intratelencephalic","120","2634",619
"E","L2/3 IT + L4 IT","Upper-layer intratelencephalic","120","2635",641
"E","L2/3 IT + L4 IT","Upper-layer intratelencephalic","120","2636",1348
"E","L2/3 IT + L4 IT","Upper-layer intratelencephalic","120","2637",1757
"E","L2/3 IT + L4 IT","Upper-layer intratelencephalic","120","2638",283
"E","L2/3 IT + L4 IT","Upper-layer intratelencephalic","121","2618",4779
"E","L2/3 IT + L4 IT","Upper-layer intratelencephalic","121","2619",2113
"E","L2/3 IT + L4 IT","Upper-layer intratelencephalic","121","2620",9807
"E","L2/3 IT + L4 IT","Upper-layer intratelencephalic","121","2621",3110
"E","L2/3 IT + L4 IT","Upper-layer intratelencephalic","121","2629",3483
"E","L2/3 IT + L4 IT","Upper-layer intratelencephalic","121","2630",2675
"E","L2/3 IT + L4 IT","Upper-layer intratelencephalic","121","2631",2526
"E","L2/3 IT + L4 IT","Upper-layer intratelencephalic","121","2632",2794
"E","L2/3 IT + L4 IT","Upper-layer intratelencephalic","122","2564",4910
"E","L2/3 IT + L4 IT","Upper-layer intratelencephalic","122","2565",3231
"E","L2/3 IT + L4 IT","Upper-layer intratelencephalic","122","2566",18842
"E","L2/3 IT + L4 IT","Upper-layer intratelencephalic","123","2551",156
"E","L2/3 IT + L4 IT","Upper-layer intratelencephalic","123","2553",4070
"E","L2/3 IT + L4 IT","Upper-layer intratelencephalic","123","2559",5427
"E","L2/3 IT + L4 IT","Upper-layer intratelencephalic","123","2560",17879
"E","L2/3 IT + L4 IT","Upper-layer intratelencephalic","123","2561",7084
"E","L2/3 IT + L4 IT","Upper-layer intratelencephalic","123","2562",11131
"E","L2/3 IT + L4 IT","Upper-layer intratelencephalic","123","2563",3179
"E","L2/3 IT + L4 IT","Upper-layer intratelencephalic","124","2622",1821
"E","L2/3 IT + L4 IT","Upper-layer intratelencephalic","124","2623",2826
"E","L2/3 IT + L4 IT","Upper-layer intratelencephalic","124","2624",2997
"E","L2/3 IT + L4 IT","Upper-layer intratelencephalic","124","2625",2624
"E","L2/3 IT + L4 IT","Upper-layer intratelencephalic","124","2626",5745
"E","L2/3 IT + L4 IT","Upper-layer intratelencephalic","124","2627",4651
"E","L2/3 IT + L4 IT","Upper-layer intratelencephalic","124","2628",5463
"E","L2/3 IT + L4 IT","Upper-layer intratelencephalic","125","2558",2117
"E","L2/3 IT + L4 IT","Upper-layer intratelencephalic","125","2568",902
"E","L2/3 IT + L4 IT","Upper-layer intratelencephalic","125","2569",974
"E","L2/3 IT + L4 IT","Upper-layer intratelencephalic","125","2570",1590
"E","L2/3 IT + L4 IT","Upper-layer intratelencephalic","125","2592",741
"E","L2/3 IT + L4 IT","Upper-layer intratelencephalic","125","2613",1859
"E","L2/3 IT + L4 IT","Upper-layer intratelencephalic","125","2614",992
"E","L2/3 IT + L4 IT","Upper-layer intratelencephalic","125","2616",1767
"E","L2/3 IT + L4 IT","Upper-layer intratelencephalic","125","2617",1230
"E","L2/3 IT + L4 IT","Upper-layer intratelencephalic","126","2588",3824
"E","L2/3 IT + L4 IT","Upper-layer intratelencephalic","126","2589",9216
"E","L2/3 IT + L4 IT","Upper-layer intratelencephalic","126","2590",2044
"E","L2/3 IT + L4 IT","Upper-layer intratelencephalic","126","2591",2227
"E","L2/3 IT + L4 IT","Upper-layer intratelencephalic","126","2596",3257
"E","L2/3 IT + L4 IT","Upper-layer intratelencephalic","126","2597",3626
"E","L2/3 IT + L4 IT","Upper-layer intratelencephalic","126","2599",3317
"E","L2/3 IT + L4 IT","Upper-layer intratelencephalic","127","2578",812
"E","L2/3 IT + L4 IT","Upper-layer intratelencephalic","127","2579",515
"E","L2/3 IT + L4 IT","Upper-layer intratelencephalic","127","2580",1262
"E","L2/3 IT + L4 IT","Upper-layer intratelencephalic","127","2581",401
"E","L2/3 IT + L4 IT","Upper-layer intratelencephalic","127","2582",226
"E","L2/3 IT + L4 IT","Upper-layer intratelencephalic","127","2583",985
"E","L2/3 IT + L4 IT","Upper-layer intratelencephalic","127","2584",222
"E","L2/3 IT + L4 IT","Upper-layer intratelencephalic","127","2585",793
"E","L2/3 IT + L4 IT","Upper-layer intratelencephalic","127","2586",1693
"E","L2/3 IT + L4 IT","Upper-layer intratelencephalic","127","2587",889
"E","L2/3 IT + L4 IT","Upper-layer intratelencephalic","128","2572",1108
"E","L2/3 IT + L4 IT","Upper-layer intratelencephalic","128","2573",1644
"E","L2/3 IT + L4 IT","Upper-layer intratelencephalic","128","2683",1504
"E","L2/3 IT + L4 IT","Upper-layer intratelencephalic","128","2684",880
"E","L2/3 IT + L4 IT","Upper-layer intratelencephalic","128","2691",110
"E","L2/3 IT + L4 IT","Upper-layer intratelencephalic","128","2693",1330
"E","L2/3 IT + L4 IT","Upper-layer intratelencephalic","128","2694",1666
"E","L2/3 IT + L4 IT","Upper-layer intratelencephalic","128","2695",2369
"E","L2/3 IT + L4 IT","Upper-layer intratelencephalic","129","2594",3100
"E","L2/3 IT + L4 IT","Upper-layer intratelencephalic","129","2595",6787
"E","L2/3 IT + L4 IT","Upper-layer intratelencephalic","129","2598",5104
"E","L2/3 IT + L4 IT","Upper-layer intratelencephalic","129","2600",5100
"E","L2/3 IT + L4 IT","Upper-layer intratelencephalic","129","2601",4106
"E","L2/3 IT + L4 IT","Upper-layer intratelencephalic","129","2602",2821
"E","L2/3 IT + L4 IT","Upper-layer intratelencephalic","129","2603",3098
"E","L2/3 IT + L4 IT","Upper-layer intratelencephalic","129","2604",2726
"E","L2/3 IT + L4 IT","Upper-layer intratelencephalic","129","2605",1614
"E","L2/3 IT + L4 IT","Upper-layer intratelencephalic","129","2609",4214
"E","L2/3 IT + L4 IT","Upper-layer intratelencephalic","129","2689",3388
"E","L2/3 IT + L4 IT","Upper-layer intratelencephalic","130","2567",3186
"E","L2/3 IT + L4 IT","Upper-layer intratelencephalic","130","2571",1029
"E","L2/3 IT + L4 IT","Upper-layer intratelencephalic","130","2606",974
"E","L2/3 IT + L4 IT","Upper-layer intratelencephalic","130","2607",2068
"E","L2/3 IT + L4 IT","Upper-layer intratelencephalic","130","2608",2251
"E","L2/3 IT + L4 IT","Upper-layer intratelencephalic","130","2610",866
"E","L2/3 IT + L4 IT","Upper-layer intratelencephalic","130","2611",2579
"E","L2/3 IT + L4 IT","Upper-layer intratelencephalic","130","2696",2595
"E","L2/3 IT + L4 IT","Upper-layer intratelencephalic","130","2780",232
"E","L2/3 IT + L4 IT","Upper-layer intratelencephalic","130","2782",2378
"E","L2/3 IT + L4 IT","Upper-layer intratelencephalic","131","2557",1392
"E","L2/3 IT + L4 IT","Upper-layer intratelencephalic","131","2574",2288
"E","L2/3 IT + L4 IT","Upper-layer intratelencephalic","131","2575",4081
"E","L2/3 IT + L4 IT","Upper-layer intratelencephalic","131","2576",2739
"E","L2/3 IT + L4 IT","Upper-layer intratelencephalic","131","2577",2456
"E","L2/3 IT + L4 IT","Upper-layer intratelencephalic","131","2593",3652
"E","L2/3 IT + L4 IT","Upper-layer intratelencephalic","131","2615",2315
"E","L2/3 IT + L4 IT","Upper-layer intratelencephalic","131","2697",2898
"E","L2/3 IT + L4 IT","Upper-layer intratelencephalic","133","2669",540
"E","L2/3 IT + L4 IT","Upper-layer intratelencephalic","133","2670",1508
"E","L2/3 IT + L4 IT","Upper-layer intratelencephalic","133","2671",1012
"E","L2/3 IT + L4 IT","Upper-layer intratelencephalic","133","2672",1701
"E","L2/3 IT + L4 IT","Upper-layer intratelencephalic","133","2673",592
"E","L2/3 IT + L4 IT","Upper-layer intratelencephalic","133","2674",2246
"E","L2/3 IT + L4 IT","Upper-layer intratelencephalic","133","2675",2281
"E","L2/3 IT + L4 IT","Upper-layer intratelencephalic","133","2676",426
"E","L2/3 IT + L4 IT","Upper-layer intratelencephalic","133","2692",233
"E","L2/3 IT + L4 IT","Upper-layer intratelencephalic","133","2781",2727
"E","L2/3 IT + L4 IT","Upper-layer intratelencephalic","133","2783",1434
"E","L2/3 IT + L4 IT","Upper-layer intratelencephalic","133","2784",2552
"E","L2/3 IT + L4 IT","Upper-layer intratelencephalic","133","2785",1948
"E","L2/3 IT + L4 IT","Upper-layer intratelencephalic","133","2786",820
"E","L2/3 IT + L4 IT","Upper-layer intratelencephalic","134","2678",1611
"E","L2/3 IT + L4 IT","Upper-layer intratelencephalic","134","2679",1304
"E","L2/3 IT + L4 IT","Upper-layer intratelencephalic","134","2680",379
"E","L2/3 IT + L4 IT","Upper-layer intratelencephalic","134","2681",1170
"E","L2/3 IT + L4 IT","Upper-layer intratelencephalic","134","2682",1502
"E","L2/3 IT + L4 IT","Upper-layer intratelencephalic","134","2685",1454
"E","L2/3 IT + L4 IT","Upper-layer intratelencephalic","134","2686",1085
"E","L2/3 IT + L4 IT","Upper-layer intratelencephalic","134","2687",690
"E","L2/3 IT + L4 IT","Upper-layer intratelencephalic","134","2688",1175
"E","L2/3 IT + L4 IT","Upper-layer intratelencephalic","135","2677",2821
"E","L2/3 IT + L4 IT","Upper-layer intratelencephalic","135","2690",1601
"E","L2/3 IT + L4 IT","Upper-layer intratelencephalic","135","2702",156
"E","L2/3 IT + L4 IT","Upper-layer intratelencephalic","135","2728",2552
"E","L2/3 IT + L4 IT","Upper-layer intratelencephalic","135","2729",1696
"E","L2/3 IT + L4 IT","Upper-layer intratelencephalic","135","2730",1378
"E","L2/3 IT + L4 IT","Upper-layer intratelencephalic","135","2731",1941
"E","L2/3 IT + L4 IT","Upper-layer intratelencephalic","135","2732",3338
"E","L2/3 IT + L4 IT","Upper-layer intratelencephalic","135","2733",3803
"E","L2/3 IT + L4 IT","Upper-layer intratelencephalic","135","2734",1409
"E","L2/3 IT + L4 IT","Upper-layer intratelencephalic","135","2741",821
"E","L2/3 IT + L4 IT","Upper-layer intratelencephalic","135","2742",2658
"E","L2/3 IT + L4 IT","Upper-layer intratelencephalic","138","2775",2455
"E","L2/3 IT + L4 IT","Upper-layer intratelencephalic","138","2776",10886
"E","L2/3 IT + L4 IT","Upper-layer intratelencephalic","138","2777",11601
"E","L2/3 IT + L4 IT","Upper-layer intratelencephalic","138","2778",24013
"E","L2/3 IT + L4 IT","Upper-layer intratelencephalic","138","2779",3242
"E","L5 ET","Miscellaneous","113","2545",120
"E","L5 ET","Miscellaneous","113","2546",126
"E","L5 ET","Miscellaneous","113","2547",191
"E","L5 ET","Miscellaneous","113","2548",127
"E","L5 ET","Miscellaneous","113","2550",64
"E","L5 ET","Miscellaneous","114","2532",101
"E","L5 ET","Miscellaneous","114","2533",104
"E","L5 ET","Miscellaneous","114","2534",99
"E","L5 ET","Miscellaneous","114","2535",70
"E","L5 ET","Miscellaneous","114","2536",146
"E","L5 ET","Miscellaneous","114","2537",37
"E","L5 ET","Miscellaneous","114","2540",196
"E","L5 ET","Miscellaneous","117","2518",46
"E","L5 ET","Miscellaneous","117","2519",162
"E","L5 ET","Miscellaneous","117","2520",8
"E","L5 ET","Miscellaneous","117","2521",193
"E","L5 ET","Miscellaneous","117","2522",442
"E","L5 ET","Miscellaneous","117","2523",56
"E","L5 ET","Miscellaneous","117","2524",202
"E","L5 ET","Miscellaneous","117","2525",61
"E","L5 ET","Miscellaneous","118","2516",5
"E","L5 ET","Miscellaneous","118","2517",24
"E","L5 IT + L6 IT + L6 IT Car3","Deep-layer intratelencephalic","136","2744",3
"E","L5 IT + L6 IT + L6 IT Car3","Deep-layer intratelencephalic","136","2745",1
"E","L5 IT + L6 IT + L6 IT Car3","Deep-layer intratelencephalic","137","2746",958
"E","L5 IT + L6 IT + L6 IT Car3","Deep-layer intratelencephalic","137","2747",3891
"E","L5 IT + L6 IT + L6 IT Car3","Deep-layer intratelencephalic","137","2748",164
"E","L5 IT + L6 IT + L6 IT Car3","Deep-layer intratelencephalic","137","2749",5216
"E","L5 IT + L6 IT + L6 IT Car3","Deep-layer intratelencephalic","137","2750",1549
"E","L5 IT + L6 IT + L6 IT Car3","Deep-layer intratelencephalic","137","2751",1973
"E","L5 IT + L6 IT + L6 IT Car3","Deep-layer intratelencephalic","137","2752",1025
"E","L5 IT + L6 IT + L6 IT Car3","Deep-layer intratelencephalic","137","2753",63
"E","L5 IT + L6 IT + L6 IT Car3","Deep-layer intratelencephalic","139","2769",4266
"E","L5 IT + L6 IT + L6 IT Car3","Deep-layer intratelencephalic","139","2770",2524
"E","L5 IT + L6 IT + L6 IT Car3","Deep-layer intratelencephalic","139","2771",2106
"E","L5 IT + L6 IT + L6 IT Car3","Deep-layer intratelencephalic","139","2772",3220
"E","L5 IT + L6 IT + L6 IT Car3","Deep-layer intratelencephalic","139","2773",8464
"E","L5 IT + L6 IT + L6 IT Car3","Deep-layer intratelencephalic","139","2774",515
"E","L5 IT + L6 IT + L6 IT Car3","Deep-layer intratelencephalic","140","2761",2139
"E","L5 IT + L6 IT + L6 IT Car3","Deep-layer intratelencephalic","140","2762",1120
"E","L5 IT + L6 IT + L6 IT Car3","Deep-layer intratelencephalic","140","2763",768
"E","L5 IT + L6 IT + L6 IT Car3","Deep-layer intratelencephalic","140","2764",1571
"E","L5 IT + L6 IT + L6 IT Car3","Deep-layer intratelencephalic","140","2765",1089
"E","L5 IT + L6 IT + L6 IT Car3","Deep-layer intratelencephalic","140","2766",2106
"E","L5 IT + L6 IT + L6 IT Car3","Deep-layer intratelencephalic","140","2767",1212
"E","L5 IT + L6 IT + L6 IT Car3","Deep-layer intratelencephalic","140","2768",1292
"E","L5 IT + L6 IT + L6 IT Car3","Deep-layer intratelencephalic","141","2703",77
"E","L5 IT + L6 IT + L6 IT Car3","Deep-layer intratelencephalic","141","2754",779
"E","L5 IT + L6 IT + L6 IT Car3","Deep-layer intratelencephalic","141","2755",600
"E","L5 IT + L6 IT + L6 IT Car3","Deep-layer intratelencephalic","141","2756",952
"E","L5 IT + L6 IT + L6 IT Car3","Deep-layer intratelencephalic","141","2757",1014
"E","L5 IT + L6 IT + L6 IT Car3","Deep-layer intratelencephalic","141","2758",2560
"E","L5 IT + L6 IT + L6 IT Car3","Deep-layer intratelencephalic","141","2759",1690
"E","L5 IT + L6 IT + L6 IT Car3","Deep-layer intratelencephalic","141","2760",1184
"E","L5 IT + L6 IT + L6 IT Car3","Deep-layer intratelencephalic","142","2704",154
"E","L5 IT + L6 IT + L6 IT Car3","Deep-layer intratelencephalic","142","2705",1079
"E","L5 IT + L6 IT + L6 IT Car3","Deep-layer intratelencephalic","142","2706",2021
"E","L5 IT + L6 IT + L6 IT Car3","Deep-layer intratelencephalic","142","2709",695
"E","L5 IT + L6 IT + L6 IT Car3","Deep-layer intratelencephalic","142","2710",1399
"E","L5 IT + L6 IT + L6 IT Car3","Deep-layer intratelencephalic","142","2711",231
"E","L5 IT + L6 IT + L6 IT Car3","Deep-layer intratelencephalic","142","2712",807
"E","L5 IT + L6 IT + L6 IT Car3","Deep-layer intratelencephalic","142","2713",1870
"E","L5 IT + L6 IT + L6 IT Car3","Deep-layer intratelencephalic","142","2714",1337
"E","L5 IT + L6 IT + L6 IT Car3","Deep-layer intratelencephalic","142","2715",1623
"E","L5 IT + L6 IT + L6 IT Car3","Deep-layer intratelencephalic","142","2739",795
"E","L5 IT + L6 IT + L6 IT Car3","Deep-layer intratelencephalic","142","2740",716
"E","L5 IT + L6 IT + L6 IT Car3","Deep-layer intratelencephalic","143","2707",1504
"E","L5 IT + L6 IT + L6 IT Car3","Deep-layer intratelencephalic","143","2708",1230
"E","L5 IT + L6 IT + L6 IT Car3","Deep-layer intratelencephalic","143","2720",48
"E","L5 IT + L6 IT + L6 IT Car3","Deep-layer intratelencephalic","143","2721",1735
"E","L5 IT + L6 IT + L6 IT Car3","Deep-layer intratelencephalic","143","2722",908
"E","L5 IT + L6 IT + L6 IT Car3","Deep-layer intratelencephalic","143","2723",1052
"E","L5 IT + L6 IT + L6 IT Car3","Deep-layer intratelencephalic","143","2724",252
"E","L5 IT + L6 IT + L6 IT Car3","Deep-layer intratelencephalic","143","2725",1382
"E","L5 IT + L6 IT + L6 IT Car3","Deep-layer intratelencephalic","143","2726",403
"E","L5 IT + L6 IT + L6 IT Car3","Deep-layer intratelencephalic","143","2727",1306
"E","L5 IT + L6 IT + L6 IT Car3","Deep-layer intratelencephalic","144","2716",2171
"E","L5 IT + L6 IT + L6 IT Car3","Deep-layer intratelencephalic","144","2717",250
"E","L5 IT + L6 IT + L6 IT Car3","Deep-layer intratelencephalic","144","2718",5102
"E","L5 IT + L6 IT + L6 IT Car3","Deep-layer intratelencephalic","144","2719",15958
"E","L5 IT + L6 IT + L6 IT Car3","Deep-layer intratelencephalic","145","2375",32
"E","L5 IT + L6 IT + L6 IT Car3","Deep-layer intratelencephalic","145","2376",412
"E","L5 IT + L6 IT + L6 IT Car3","Deep-layer intratelencephalic","145","2377",599
"E","L5 IT + L6 IT + L6 IT Car3","Deep-layer intratelencephalic","145","2378",424
"E","L5 IT + L6 IT + L6 IT Car3","Deep-layer intratelencephalic","145","2379",95
"E","L5 IT + L6 IT + L6 IT Car3","Deep-layer intratelencephalic","145","2380",9
"E","L5 IT + L6 IT + L6 IT Car3","Deep-layer intratelencephalic","145","2381",589
"E","L5 IT + L6 IT + L6 IT Car3","Deep-layer intratelencephalic","145","2382",194
"E","L5 IT + L6 IT + L6 IT Car3","Deep-layer intratelencephalic","145","2383",458
"E","L5 IT + L6 IT + L6 IT Car3","Deep-layer intratelencephalic","145","2384",122
"E","L5 IT + L6 IT + L6 IT Car3","Deep-layer intratelencephalic","146","2503",63
"E","L5 IT + L6 IT + L6 IT Car3","Deep-layer intratelencephalic","146","2504",10
"E","L5 IT + L6 IT + L6 IT Car3","Deep-layer intratelencephalic","146","2505",60
"E","L5 IT + L6 IT + L6 IT Car3","Deep-layer intratelencephalic","146","2506",140
"E","L5 IT + L6 IT + L6 IT Car3","Deep-layer intratelencephalic","146","2507",99
"E","L5 IT + L6 IT + L6 IT Car3","Deep-layer intratelencephalic","146","2508",36
"E","L5 IT + L6 IT + L6 IT Car3","Deep-layer intratelencephalic","146","2509",30
"E","L5 IT + L6 IT + L6 IT Car3","Deep-layer intratelencephalic","146","2510",12
"E","L5 IT + L6 IT + L6 IT Car3","Deep-layer intratelencephalic","146","2512",63
"E","L5 IT + L6 IT + L6 IT Car3","Deep-layer intratelencephalic","146","2653",26
"E","L5 IT + L6 IT + L6 IT Car3","Deep-layer intratelencephalic","147","2385",384
"E","L5 IT + L6 IT + L6 IT Car3","Deep-layer intratelencephalic","147","2480",335
"E","L5 IT + L6 IT + L6 IT Car3","Deep-layer intratelencephalic","147","2481",852
"E","L5 IT + L6 IT + L6 IT Car3","Deep-layer intratelencephalic","147","2491",83
"E","L5 IT + L6 IT + L6 IT Car3","Deep-layer intratelencephalic","147","2492",87
"E","L5 IT + L6 IT + L6 IT Car3","Deep-layer intratelencephalic","147","2493",1097
"E","L5 IT + L6 IT + L6 IT Car3","Deep-layer intratelencephalic","147","2494",363
"E","L5 IT + L6 IT + L6 IT Car3","Deep-layer intratelencephalic","147","2495",1033
"E","L5 IT + L6 IT + L6 IT Car3","Deep-layer intratelencephalic","147","2496",1064
"E","L5 IT + L6 IT + L6 IT Car3","Deep-layer intratelencephalic","147","2497",673
"E","L5 IT + L6 IT + L6 IT Car3","Deep-layer intratelencephalic","147","2499",307
"E","L5 IT + L6 IT + L6 IT Car3","Deep-layer intratelencephalic","147","2500",374
"E","L5 IT + L6 IT + L6 IT Car3","Deep-layer intratelencephalic","147","2501",203
"E","L5 IT + L6 IT + L6 IT Car3","Deep-layer intratelencephalic","147","2502",53
"E","L5 IT + L6 IT + L6 IT Car3","Deep-layer intratelencephalic","147","2700",11
"E","L5 IT + L6 IT + L6 IT Car3","Deep-layer intratelencephalic","148","2484",1624
"E","L5 IT + L6 IT + L6 IT Car3","Deep-layer intratelencephalic","148","2485",2009
"E","L5 IT + L6 IT + L6 IT Car3","Deep-layer intratelencephalic","148","2486",1281
"E","L5 IT + L6 IT + L6 IT Car3","Deep-layer intratelencephalic","148","2487",1362
"E","L5 IT + L6 IT + L6 IT Car3","Deep-layer intratelencephalic","148","2488",1141
"E","L5 IT + L6 IT + L6 IT Car3","Deep-layer intratelencephalic","148","2489",1519
"E","L5 IT + L6 IT + L6 IT Car3","Deep-layer intratelencephalic","148","2490",1994
"E","L5 IT + L6 IT + L6 IT Car3","Deep-layer intratelencephalic","148","2498",872
"E","L5 IT + L6 IT + L6 IT Car3","Deep-layer intratelencephalic","148","2699",59
"E","L5 IT + L6 IT + L6 IT Car3","Deep-layer intratelencephalic","149","2482",16726
"E","L5 IT + L6 IT + L6 IT Car3","Deep-layer intratelencephalic","149","2483",2334
"E","L5 IT + L6 IT + L6 IT Car3","Deep-layer intratelencephalic","149","2736",5201
"E","L5 IT + L6 IT + L6 IT Car3","Deep-layer intratelencephalic","149","2737",979
"E","L5 IT + L6 IT + L6 IT Car3","Deep-layer intratelencephalic","149","2738",3054
"E","L5 IT + L6 IT + L6 IT Car3","Deep-layer intratelencephalic","150","2639",746
"E","L5 IT + L6 IT + L6 IT Car3","Deep-layer intratelencephalic","150","2640",2142
"E","L5 IT + L6 IT + L6 IT Car3","Deep-layer intratelencephalic","150","2641",1143
"E","L5 IT + L6 IT + L6 IT Car3","Deep-layer intratelencephalic","150","2642",1204
"E","L5 IT + L6 IT + L6 IT Car3","Deep-layer intratelencephalic","150","2643",190
"E","L5 IT + L6 IT + L6 IT Car3","Deep-layer intratelencephalic","150","2644",737
"E","L5 IT + L6 IT + L6 IT Car3","Deep-layer intratelencephalic","150","2645",1461
"E","L5 IT + L6 IT + L6 IT Car3","Deep-layer intratelencephalic","150","2646",1049
"E","L5 IT + L6 IT + L6 IT Car3","Deep-layer intratelencephalic","150","2647",1405
"E","L5 IT + L6 IT + L6 IT Car3","Deep-layer intratelencephalic","150","2648",234
"E","L5 IT + L6 IT + L6 IT Car3","Deep-layer intratelencephalic","151","2649",133
"E","L5 IT + L6 IT + L6 IT Car3","Deep-layer intratelencephalic","151","2650",86
"E","L5 IT + L6 IT + L6 IT Car3","Deep-layer intratelencephalic","151","2651",413
"E","L5 IT + L6 IT + L6 IT Car3","Deep-layer intratelencephalic","151","2652",33
"E","L5 IT + L6 IT + L6 IT Car3","Deep-layer intratelencephalic","151","2654",108
"E","L5 IT + L6 IT + L6 IT Car3","Deep-layer intratelencephalic","151","2655",199
"E","L5 IT + L6 IT + L6 IT Car3","Deep-layer intratelencephalic","151","2656",288
"E","L5 IT + L6 IT + L6 IT Car3","Deep-layer intratelencephalic","151","2657",1367
"E","L5 IT + L6 IT + L6 IT Car3","Deep-layer intratelencephalic","151","2658",728
"E","L5 IT + L6 IT + L6 IT Car3","Deep-layer intratelencephalic","151","2659",415
"E","L5 IT + L6 IT + L6 IT Car3","Deep-layer intratelencephalic","151","2660",264
"E","L5 IT + L6 IT + L6 IT Car3","Deep-layer intratelencephalic","151","2662",2371
"E","L5 IT + L6 IT + L6 IT Car3","Deep-layer intratelencephalic","152","2661",55
"E","L5 IT + L6 IT + L6 IT Car3","Deep-layer intratelencephalic","152","2663",6
"E","L5 IT + L6 IT + L6 IT Car3","Deep-layer intratelencephalic","152","2664",13
"E","L5 IT + L6 IT + L6 IT Car3","Deep-layer intratelencephalic","152","2665",33
"E","L5 IT + L6 IT + L6 IT Car3","Deep-layer intratelencephalic","152","2666",1
"E","L5 IT + L6 IT + L6 IT Car3","Deep-layer intratelencephalic","152","2668",2
"E","L5 IT + L6 IT + L6 IT Car3","Deep-layer intratelencephalic","152","2735",66
"E","L5/6 NP","Deep-layer near-projecting","83","2924",90
"E","L5/6 NP","Deep-layer near-projecting","83","2925",65
"E","L5/6 NP","Deep-layer near-projecting","83","2926",164
"E","L5/6 NP","Deep-layer near-projecting","83","2964",59
"E","L5/6 NP","Deep-layer near-projecting","85","2927",5
"E","L5/6 NP","Deep-layer near-projecting","85","2928",17
"E","L5/6 NP","Deep-layer near-projecting","85","2929",4
"E","L5/6 NP","Deep-layer near-projecting","85","2930",5
"E","L5/6 NP","Deep-layer near-projecting","86","2980",317
"E","L5/6 NP","Deep-layer near-projecting","86","2988",199
"E","L5/6 NP","Deep-layer near-projecting","86","2989",358
"E","L5/6 NP","Deep-layer near-projecting","86","2990",59
"E","L5/6 NP","Deep-layer near-projecting","86","2991",126
"E","L5/6 NP","Deep-layer near-projecting","86","2992",182
"E","L5/6 NP","Deep-layer near-projecting","86","2993",146
"E","L5/6 NP","Deep-layer near-projecting","87","2943",78
"E","L5/6 NP","Deep-layer near-projecting","87","2944",93
"E","L5/6 NP","Deep-layer near-projecting","87","2981",154
"E","L5/6 NP","Deep-layer near-projecting","87","2984",139
"E","L5/6 NP","Deep-layer near-projecting","87","2985",120
"E","L5/6 NP","Deep-layer near-projecting","88","2938",229
"E","L5/6 NP","Deep-layer near-projecting","88","2939",242
"E","L5/6 NP","Deep-layer near-projecting","88","2940",72
"E","L5/6 NP","Deep-layer near-projecting","88","2982",121
"E","L5/6 NP","Deep-layer near-projecting","88","2983",251
"E","L5/6 NP","Deep-layer near-projecting","88","2986",383
"E","L5/6 NP","Deep-layer near-projecting","88","2987",65
"E","L5/6 NP","Deep-layer near-projecting","89","2936",281
"E","L5/6 NP","Deep-layer near-projecting","89","2937",183
"E","L5/6 NP","Deep-layer near-projecting","89","2941",291
"E","L5/6 NP","Deep-layer near-projecting","89","2942",169
"E","L5/6 NP","Deep-layer near-projecting","89","2994",239
"E","L5/6 NP","Deep-layer near-projecting","89","2995",141
"E","L5/6 NP","Deep-layer near-projecting","90","2945",69
"E","L5/6 NP","Deep-layer near-projecting","90","2946",447
"E","L5/6 NP","Deep-layer near-projecting","90","2949",417
"E","L5/6 NP","Deep-layer near-projecting","90","2950",230
"E","L5/6 NP","Deep-layer near-projecting","90","2951",360
"E","L5/6 NP","Deep-layer near-projecting","91","2948",333
"E","L5/6 NP","Deep-layer near-projecting","91","2961",268
"E","L5/6 NP","Deep-layer near-projecting","91","2962",132
"E","L5/6 NP","Deep-layer near-projecting","91","2963",272
"E","L5/6 NP","Deep-layer near-projecting","91","2975",296
"E","L5/6 NP","Deep-layer near-projecting","92","2974",421
"E","L5/6 NP","Deep-layer near-projecting","92","2976",537
"E","L5/6 NP","Deep-layer near-projecting","92","2977",589
"E","L5/6 NP","Deep-layer near-projecting","92","2978",261
"E","L5/6 NP","Deep-layer near-projecting","92","2979",188
"E","L5/6 NP","Deep-layer near-projecting","93","2935",53
"E","L5/6 NP","Deep-layer near-projecting","93","2947",298
"E","L5/6 NP","Deep-layer near-projecting","93","2956",712
"E","L5/6 NP","Deep-layer near-projecting","93","2972",245
"E","L5/6 NP","Deep-layer near-projecting","93","2973",270
"E","L5/6 NP","Deep-layer near-projecting","94","2952",69
"E","L5/6 NP","Deep-layer near-projecting","94","2953",118
"E","L5/6 NP","Deep-layer near-projecting","94","2954",312
"E","L5/6 NP","Deep-layer near-projecting","94","2955",490
"E","L5/6 NP","Deep-layer near-projecting","94","2957",422
"E","L5/6 NP","Deep-layer near-projecting","94","2958",299
"E","L5/6 NP","Deep-layer near-projecting","94","2959",309
"E","L5/6 NP","Deep-layer near-projecting","94","2960",286
"E","L5/6 NP","Deep-layer near-projecting","95","2967",187
"E","L5/6 NP","Deep-layer near-projecting","95","2968",283
"E","L5/6 NP","Deep-layer near-projecting","95","2969",8
"E","L5/6 NP","Deep-layer near-projecting","95","2970",130
"E","L5/6 NP","Deep-layer near-projecting","95","2971",189
"E","L5/6 NP","Deep-layer near-projecting","96","2932",83
"E","L5/6 NP","Deep-layer near-projecting","96","2933",133
"E","L5/6 NP","Deep-layer near-projecting","96","2934",65
"E","L5/6 NP","Deep-layer near-projecting","96","2965",69
"E","L5/6 NP","Deep-layer near-projecting","96","2966",176
"E","L6 CT + L6b","Deep-layer corticothalamic and 6b","84","2914",17
"E","L6 CT + L6b","Deep-layer corticothalamic and 6b","84","2920",10
"E","L6 CT + L6b","Deep-layer corticothalamic and 6b","97","2922",90
"E","L6 CT + L6b","Deep-layer corticothalamic and 6b","97","2923",66
"E","L6 CT + L6b","Deep-layer corticothalamic and 6b","98","2823",409
"E","L6 CT + L6b","Deep-layer corticothalamic and 6b","98","2824",494
"E","L6 CT + L6b","Deep-layer corticothalamic and 6b","98","2825",443
"E","L6 CT + L6b","Deep-layer corticothalamic and 6b","98","2826",407
"E","L6 CT + L6b","Deep-layer corticothalamic and 6b","98","2827",401
"E","L6 CT + L6b","Deep-layer corticothalamic and 6b","98","2828",431
"E","L6 CT + L6b","Deep-layer corticothalamic and 6b","98","2829",272
"E","L6 CT + L6b","Deep-layer corticothalamic and 6b","98","2830",249
"E","L6 CT + L6b","Deep-layer corticothalamic and 6b","98","2831",37
"E","L6 CT + L6b","Deep-layer corticothalamic and 6b","99","2816",51
"E","L6 CT + L6b","Deep-layer corticothalamic and 6b","99","2817",535
"E","L6 CT + L6b","Deep-layer corticothalamic and 6b","99","2818",419
"E","L6 CT + L6b","Deep-layer corticothalamic and 6b","99","2860",114
"E","L6 CT + L6b","Deep-layer corticothalamic and 6b","99","2861",511
"E","L6 CT + L6b","Deep-layer corticothalamic and 6b","99","2862",364
"E","L6 CT + L6b","Deep-layer corticothalamic and 6b","99","2863",183
"E","L6 CT + L6b","Deep-layer corticothalamic and 6b","99","2864",236
"E","L6 CT + L6b","Deep-layer corticothalamic and 6b","99","2865",429
"E","L6 CT + L6b","Deep-layer corticothalamic and 6b","100","2511",1
"E","L6 CT + L6b","Deep-layer corticothalamic and 6b","100","2856",77
"E","L6 CT + L6b","Deep-layer corticothalamic and 6b","100","2857",48
"E","L6 CT + L6b","Deep-layer corticothalamic and 6b","100","2858",14
"E","L6 CT + L6b","Deep-layer corticothalamic and 6b","100","2859",59
"E","L6 CT + L6b","Deep-layer corticothalamic and 6b","100","2886",426
"E","L6 CT + L6b","Deep-layer corticothalamic and 6b","100","2887",483
"E","L6 CT + L6b","Deep-layer corticothalamic and 6b","100","2888",302
"E","L6 CT + L6b","Deep-layer corticothalamic and 6b","100","2889",434
"E","L6 CT + L6b","Deep-layer corticothalamic and 6b","100","2890",86
"E","L6 CT + L6b","Deep-layer corticothalamic and 6b","100","2891",26
"E","L6 CT + L6b","Deep-layer corticothalamic and 6b","101","2846",212
"E","L6 CT + L6b","Deep-layer corticothalamic and 6b","101","2847",405
"E","L6 CT + L6b","Deep-layer corticothalamic and 6b","101","2848",1333
"E","L6 CT + L6b","Deep-layer corticothalamic and 6b","102","2833",5
"E","L6 CT + L6b","Deep-layer corticothalamic and 6b","102","2839",31
"E","L6 CT + L6b","Deep-layer corticothalamic and 6b","102","2840",31
"E","L6 CT + L6b","Deep-layer corticothalamic and 6b","102","2841",177
"E","L6 CT + L6b","Deep-layer corticothalamic and 6b","102","2842",75
"E","L6 CT + L6b","Deep-layer corticothalamic and 6b","102","2843",43
"E","L6 CT + L6b","Deep-layer corticothalamic and 6b","102","2844",22
"E","L6 CT + L6b","Deep-layer corticothalamic and 6b","102","2845",34
"E","L6 CT + L6b","Deep-layer corticothalamic and 6b","103","2834",15
"E","L6 CT + L6b","Deep-layer corticothalamic and 6b","103","2835",100
"E","L6 CT + L6b","Deep-layer corticothalamic and 6b","103","2836",456
"E","L6 CT + L6b","Deep-layer corticothalamic and 6b","103","2837",71
"E","L6 CT + L6b","Deep-layer corticothalamic and 6b","103","2838",133
"E","L6 CT + L6b","Deep-layer corticothalamic and 6b","104","2849",225
"E","L6 CT + L6b","Deep-layer corticothalamic and 6b","104","2850",267
"E","L6 CT + L6b","Deep-layer corticothalamic and 6b","104","2851",223
"E","L6 CT + L6b","Deep-layer corticothalamic and 6b","104","2852",53
"E","L6 CT + L6b","Deep-layer corticothalamic and 6b","104","2853",22
"E","L6 CT + L6b","Deep-layer corticothalamic and 6b","104","2854",56
"E","L6 CT + L6b","Deep-layer corticothalamic and 6b","104","2855",50
"E","L6 CT + L6b","Deep-layer corticothalamic and 6b","105","2811",863
"E","L6 CT + L6b","Deep-layer corticothalamic and 6b","105","2812",669
"E","L6 CT + L6b","Deep-layer corticothalamic and 6b","105","2813",427
"E","L6 CT + L6b","Deep-layer corticothalamic and 6b","105","2814",485
"E","L6 CT + L6b","Deep-layer corticothalamic and 6b","105","2815",322
"E","L6 CT + L6b","Deep-layer corticothalamic and 6b","105","2832",47
"E","L6 CT + L6b","Deep-layer corticothalamic and 6b","106","2810",3175
"E","L6 CT + L6b","Deep-layer corticothalamic and 6b","106","2819",1017
"E","L6 CT + L6b","Deep-layer corticothalamic and 6b","106","2820",1599
"E","L6 CT + L6b","Deep-layer corticothalamic and 6b","106","2821",2705
"E","L6 CT + L6b","Deep-layer corticothalamic and 6b","106","2822",140
"E","L6 CT + L6b","Deep-layer corticothalamic and 6b","107","2879",309
"E","L6 CT + L6b","Deep-layer corticothalamic and 6b","107","2880",70
"E","L6 CT + L6b","Deep-layer corticothalamic and 6b","107","2881",51
"E","L6 CT + L6b","Deep-layer corticothalamic and 6b","107","2882",148
"E","L6 CT + L6b","Deep-layer corticothalamic and 6b","107","2883",222
"E","L6 CT + L6b","Deep-layer corticothalamic and 6b","107","2884",198
"E","L6 CT + L6b","Deep-layer corticothalamic and 6b","108","2809",278
"E","L6 CT + L6b","Deep-layer corticothalamic and 6b","108","2866",347
"E","L6 CT + L6b","Deep-layer corticothalamic and 6b","108","2867",608
"E","L6 CT + L6b","Deep-layer corticothalamic and 6b","108","2872",881
"E","L6 CT + L6b","Deep-layer corticothalamic and 6b","108","2875",553
"E","L6 CT + L6b","Deep-layer corticothalamic and 6b","108","2876",1357
"E","L6 CT + L6b","Deep-layer corticothalamic and 6b","108","2877",624
"E","L6 CT + L6b","Deep-layer corticothalamic and 6b","108","2878",254
"E","L6 CT + L6b","Deep-layer corticothalamic and 6b","108","2885",435
"E","L6 CT + L6b","Deep-layer corticothalamic and 6b","108","2892",418
"E","L6 CT + L6b","Deep-layer corticothalamic and 6b","109","2868",1081
"E","L6 CT + L6b","Deep-layer corticothalamic and 6b","109","2869",1046
"E","L6 CT + L6b","Deep-layer corticothalamic and 6b","109","2870",1103
"E","L6 CT + L6b","Deep-layer corticothalamic and 6b","109","2871",886
"E","L6 CT + L6b","Deep-layer corticothalamic and 6b","109","2873",1623
"E","L6 CT + L6b","Deep-layer corticothalamic and 6b","109","2874",1553
"E","L6 CT + L6b","Deep-layer corticothalamic and 6b","109","2893",754
"E","L6 CT + L6b","Deep-layer corticothalamic and 6b","109","2894",759
"E","L6 CT + L6b","Deep-layer corticothalamic and 6b","109","2895",612
"E","L6 CT + L6b","Deep-layer corticothalamic and 6b","110","2896",1085
"E","L6 CT + L6b","Deep-layer corticothalamic and 6b","110","2897",892
"E","L6 CT + L6b","Deep-layer corticothalamic and 6b","110","2898",927
"E","L6 CT + L6b","Deep-layer corticothalamic and 6b","110","2899",660
"E","L6 CT + L6b","Deep-layer corticothalamic and 6b","110","2900",788
"E","L6 CT + L6b","Deep-layer corticothalamic and 6b","110","2901",766
"E","L6 CT + L6b","Deep-layer corticothalamic and 6b","110","2902",579
"E","L6 CT + L6b","Deep-layer corticothalamic and 6b","110","2903",23
"E","L6 CT + L6b","Deep-layer corticothalamic and 6b","110","2904",203
"E","L6 CT + L6b","Deep-layer corticothalamic and 6b","111","2908",3
"E","L6 CT + L6b","Deep-layer corticothalamic and 6b","111","2909",2
"E","L6 CT + L6b","Deep-layer corticothalamic and 6b","111","2910",12
"E","L6 CT + L6b","Deep-layer corticothalamic and 6b","111","2912",1
"E","L6 CT + L6b","Deep-layer corticothalamic and 6b","112","2905",2622
"E","L6 CT + L6b","Deep-layer corticothalamic and 6b","112","2906",1369
"E","L6 CT + L6b","Deep-layer corticothalamic and 6b","112","2907",137
"I","Lamp5 + Pax6 + Sncg + Vip","CGE interneuron","276","479",7
"I","Lamp5 + Pax6 + Sncg + Vip","CGE interneuron","276","480",49
"I","Lamp5 + Pax6 + Sncg + Vip","CGE interneuron","276","481",2
"I","Lamp5 + Pax6 + Sncg + Vip","CGE interneuron","276","622",2
"I","Lamp5 + Pax6 + Sncg + Vip","CGE interneuron","276","623",3
"I","Lamp5 + Pax6 + Sncg + Vip","CGE interneuron","276","624",3
"I","Lamp5 + Pax6 + Sncg + Vip","CGE interneuron","276","625",2
"I","Lamp5 + Pax6 + Sncg + Vip","CGE interneuron","276","626",2
"I","Lamp5 + Pax6 + Sncg + Vip","CGE interneuron","276","627",12
"I","Lamp5 + Pax6 + Sncg + Vip","CGE interneuron","276","628",31
"I","Lamp5 + Pax6 + Sncg + Vip","CGE interneuron","276","629",25
"I","Lamp5 + Pax6 + Sncg + Vip","CGE interneuron","276","630",12
"I","Lamp5 + Pax6 + Sncg + Vip","CGE interneuron","277","632",161
"I","Lamp5 + Pax6 + Sncg + Vip","CGE interneuron","277","633",118
"I","Lamp5 + Pax6 + Sncg + Vip","CGE interneuron","277","634",223
"I","Lamp5 + Pax6 + Sncg + Vip","CGE interneuron","277","635",198
"I","Lamp5 + Pax6 + Sncg + Vip","CGE interneuron","277","636",346
"I","Lamp5 + Pax6 + Sncg + Vip","CGE interneuron","277","637",76
"I","Lamp5 + Pax6 + Sncg + Vip","CGE interneuron","277","645",5
"I","Lamp5 + Pax6 + Sncg + Vip","CGE interneuron","278","638",185
"I","Lamp5 + Pax6 + Sncg + Vip","CGE interneuron","278","639",665
"I","Lamp5 + Pax6 + Sncg + Vip","CGE interneuron","278","640",1967
"I","Lamp5 + Pax6 + Sncg + Vip","CGE interneuron","278","641",708
"I","Lamp5 + Pax6 + Sncg + Vip","CGE interneuron","278","642",810
"I","Lamp5 + Pax6 + Sncg + Vip","CGE interneuron","278","643",428
"I","Lamp5 + Pax6 + Sncg + Vip","CGE interneuron","278","644",44
"I","Lamp5 + Pax6 + Sncg + Vip","CGE interneuron","279","594",3
"I","Lamp5 + Pax6 + Sncg + Vip","CGE interneuron","279","595",216
"I","Lamp5 + Pax6 + Sncg + Vip","CGE interneuron","279","596",5
"I","Lamp5 + Pax6 + Sncg + Vip","CGE interneuron","279","611",186
"I","Lamp5 + Pax6 + Sncg + Vip","CGE interneuron","279","612",171
"I","Lamp5 + Pax6 + Sncg + Vip","CGE interneuron","279","613",197
"I","Lamp5 + Pax6 + Sncg + Vip","CGE interneuron","279","614",533
"I","Lamp5 + Pax6 + Sncg + Vip","CGE interneuron","279","615",371
"I","Lamp5 + Pax6 + Sncg + Vip","CGE interneuron","279","616",372
"I","Lamp5 + Pax6 + Sncg + Vip","CGE interneuron","279","617",111
"I","Lamp5 + Pax6 + Sncg + Vip","CGE interneuron","279","618",40
"I","Lamp5 + Pax6 + Sncg + Vip","CGE interneuron","279","619",523
"I","Lamp5 + Pax6 + Sncg + Vip","CGE interneuron","279","620",512
"I","Lamp5 + Pax6 + Sncg + Vip","CGE interneuron","280","580",230
"I","Lamp5 + Pax6 + Sncg + Vip","CGE interneuron","280","581",300
"I","Lamp5 + Pax6 + Sncg + Vip","CGE interneuron","280","582",300
"I","Lamp5 + Pax6 + Sncg + Vip","CGE interneuron","280","583",286
"I","Lamp5 + Pax6 + Sncg + Vip","CGE interneuron","280","584",408
"I","Lamp5 + Pax6 + Sncg + Vip","CGE interneuron","280","585",634
"I","Lamp5 + Pax6 + Sncg + Vip","CGE interneuron","280","586",418
"I","Lamp5 + Pax6 + Sncg + Vip","CGE interneuron","280","587",424
"I","Lamp5 + Pax6 + Sncg + Vip","CGE interneuron","281","589",140
"I","Lamp5 + Pax6 + Sncg + Vip","CGE interneuron","281","590",345
"I","Lamp5 + Pax6 + Sncg + Vip","CGE interneuron","281","591",417
"I","Lamp5 + Pax6 + Sncg + Vip","CGE interneuron","281","592",197
"I","Lamp5 + Pax6 + Sncg + Vip","CGE interneuron","281","593",166
"I","Lamp5 + Pax6 + Sncg + Vip","CGE interneuron","282","563",119
"I","Lamp5 + Pax6 + Sncg + Vip","CGE interneuron","282","564",5
"I","Lamp5 + Pax6 + Sncg + Vip","CGE interneuron","282","565",825
"I","Lamp5 + Pax6 + Sncg + Vip","CGE interneuron","282","566",1762
"I","Lamp5 + Pax6 + Sncg + Vip","CGE interneuron","282","567",1101
"I","Lamp5 + Pax6 + Sncg + Vip","CGE interneuron","282","568",1143
"I","Lamp5 + Pax6 + Sncg + Vip","CGE interneuron","282","569",1362
"I","Lamp5 + Pax6 + Sncg + Vip","CGE interneuron","282","570",352
"I","Lamp5 + Pax6 + Sncg + Vip","CGE interneuron","282","571",514
"I","Lamp5 + Pax6 + Sncg + Vip","CGE interneuron","283","558",1218
"I","Lamp5 + Pax6 + Sncg + Vip","CGE interneuron","283","559",486
"I","Lamp5 + Pax6 + Sncg + Vip","CGE interneuron","283","560",390
"I","Lamp5 + Pax6 + Sncg + Vip","CGE interneuron","283","561",4395
"I","Lamp5 + Pax6 + Sncg + Vip","CGE interneuron","283","562",887
"I","Lamp5 + Pax6 + Sncg + Vip","CGE interneuron","284","545",234
"I","Lamp5 + Pax6 + Sncg + Vip","CGE interneuron","284","546",436
"I","Lamp5 + Pax6 + Sncg + Vip","CGE interneuron","284","547",220
"I","Lamp5 + Pax6 + Sncg + Vip","CGE interneuron","284","548",675
"I","Lamp5 + Pax6 + Sncg + Vip","CGE interneuron","284","549",317
"I","Lamp5 + Pax6 + Sncg + Vip","CGE interneuron","284","550",544
"I","Lamp5 + Pax6 + Sncg + Vip","CGE interneuron","284","551",828
"I","Lamp5 + Pax6 + Sncg + Vip","CGE interneuron","284","552",895
"I","Lamp5 + Pax6 + Sncg + Vip","CGE interneuron","284","553",838
"I","Lamp5 + Pax6 + Sncg + Vip","CGE interneuron","284","554",210
"I","Lamp5 + Pax6 + Sncg + Vip","CGE interneuron","284","555",640
"I","Lamp5 + Pax6 + Sncg + Vip","CGE interneuron","285","588",92
"I","Lamp5 + Pax6 + Sncg + Vip","CGE interneuron","285","600",14
"I","Lamp5 + Pax6 + Sncg + Vip","CGE interneuron","285","601",344
"I","Lamp5 + Pax6 + Sncg + Vip","CGE interneuron","285","602",168
"I","Lamp5 + Pax6 + Sncg + Vip","CGE interneuron","285","603",210
"I","Lamp5 + Pax6 + Sncg + Vip","CGE interneuron","285","604",445
"I","Lamp5 + Pax6 + Sncg + Vip","CGE interneuron","285","605",53
"I","Lamp5 + Pax6 + Sncg + Vip","CGE interneuron","285","606",111
"I","Lamp5 + Pax6 + Sncg + Vip","CGE interneuron","285","607",272
"I","Lamp5 + Pax6 + Sncg + Vip","CGE interneuron","285","608",283
"I","Lamp5 + Pax6 + Sncg + Vip","CGE interneuron","285","609",349
"I","Lamp5 + Pax6 + Sncg + Vip","CGE interneuron","285","610",192
"I","Lamp5 + Pax6 + Sncg + Vip","CGE interneuron","285","631",18
"I","Lamp5 + Pax6 + Sncg + Vip","CGE interneuron","286","425",597
"I","Lamp5 + Pax6 + Sncg + Vip","CGE interneuron","286","426",3572
"I","Lamp5 + Pax6 + Sncg + Vip","CGE interneuron","286","427",1573
"I","Lamp5 + Pax6 + Sncg + Vip","CGE interneuron","286","428",619
"I","Lamp5 + Pax6 + Sncg + Vip","CGE interneuron","286","556",791
"I","Lamp5 + Pax6 + Sncg + Vip","CGE interneuron","286","557",2325
"I","Lamp5 + Pax6 + Sncg + Vip","CGE interneuron","287","431",2875
"I","Lamp5 + Pax6 + Sncg + Vip","CGE interneuron","287","432",113
"I","Lamp5 + Pax6 + Sncg + Vip","CGE interneuron","287","433",4291
"I","Lamp5 + Pax6 + Sncg + Vip","CGE interneuron","287","434",1262
"I","Lamp5 + Pax6 + Sncg + Vip","CGE interneuron","287","435",23
"I","Lamp5 + Pax6 + Sncg + Vip","CGE interneuron","288","429",10198
"I","Lamp5 + Pax6 + Sncg + Vip","CGE interneuron","288","430",2274
"I","Lamp5 + Pax6 + Sncg + Vip","CGE interneuron","288","436",128
"I","Lamp5 + Pax6 + Sncg + Vip","CGE interneuron","288","437",1497
"I","Lamp5 + Pax6 + Sncg + Vip","CGE interneuron","288","438",1333
"I","Lamp5 + Pax6 + Sncg + Vip","CGE interneuron","289","496",307
"I","Lamp5 + Pax6 + Sncg + Vip","CGE interneuron","289","522",992
"I","Lamp5 + Pax6 + Sncg + Vip","CGE interneuron","289","523",1514
"I","Lamp5 + Pax6 + Sncg + Vip","CGE interneuron","289","524",706
"I","Lamp5 + Pax6 + Sncg + Vip","CGE interneuron","289","525",686
"I","Lamp5 + Pax6 + Sncg + Vip","CGE interneuron","289","526",1007
"I","Lamp5 + Pax6 + Sncg + Vip","CGE interneuron","289","527",1514
"I","Lamp5 + Pax6 + Sncg + Vip","CGE interneuron","289","528",1492
"I","Lamp5 + Pax6 + Sncg + Vip","CGE interneuron","289","529",1922
"I","Lamp5 + Pax6 + Sncg + Vip","CGE interneuron","289","530",162
"I","Lamp5 + Pax6 + Sncg + Vip","CGE interneuron","290","514",2951
"I","Lamp5 + Pax6 + Sncg + Vip","CGE interneuron","290","515",1548
"I","Lamp5 + Pax6 + Sncg + Vip","CGE interneuron","290","532",507
"I","Lamp5 + Pax6 + Sncg + Vip","CGE interneuron","290","533",1306
"I","Lamp5 + Pax6 + Sncg + Vip","CGE interneuron","290","534",2945
"I","Lamp5 + Pax6 + Sncg + Vip","CGE interneuron","290","535",1398
"I","Lamp5 + Pax6 + Sncg + Vip","CGE interneuron","290","536",2910
"I","Lamp5 + Pax6 + Sncg + Vip","CGE interneuron","290","537",337
"I","Lamp5 + Pax6 + Sncg + Vip","CGE interneuron","290","538",1342
"I","Lamp5 + Pax6 + Sncg + Vip","CGE interneuron","291","531",2089
"I","Lamp5 + Pax6 + Sncg + Vip","CGE interneuron","291","539",626
"I","Lamp5 + Pax6 + Sncg + Vip","CGE interneuron","291","540",1177
"I","Lamp5 + Pax6 + Sncg + Vip","CGE interneuron","291","541",1671
"I","Lamp5 + Pax6 + Sncg + Vip","CGE interneuron","291","542",1253
"I","Lamp5 + Pax6 + Sncg + Vip","CGE interneuron","291","543",944
"I","Lamp5 + Pax6 + Sncg + Vip","CGE interneuron","291","544",272
"I","Lamp5 + Pax6 + Sncg + Vip","CGE interneuron","292","572",561
"I","Lamp5 + Pax6 + Sncg + Vip","CGE interneuron","292","573",1439
"I","Lamp5 + Pax6 + Sncg + Vip","CGE interneuron","292","574",1328
"I","Lamp5 + Pax6 + Sncg + Vip","CGE interneuron","292","575",1099
"I","Lamp5 + Pax6 + Sncg + Vip","CGE interneuron","292","576",1627
"I","Lamp5 + Pax6 + Sncg + Vip","CGE interneuron","292","577",585
"I","Lamp5 + Pax6 + Sncg + Vip","CGE interneuron","292","578",1425
"I","Lamp5 + Pax6 + Sncg + Vip","CGE interneuron","292","579",1356
"I","Lamp5 + Pax6 + Sncg + Vip","CGE interneuron","293","505",2427
"I","Lamp5 + Pax6 + Sncg + Vip","CGE interneuron","293","507",527
"I","Lamp5 + Pax6 + Sncg + Vip","CGE interneuron","293","508",1191
"I","Lamp5 + Pax6 + Sncg + Vip","CGE interneuron","293","516",1411
"I","Lamp5 + Pax6 + Sncg + Vip","CGE interneuron","293","517",1733
"I","Lamp5 + Pax6 + Sncg + Vip","CGE interneuron","293","518",735
"I","Lamp5 + Pax6 + Sncg + Vip","CGE interneuron","293","519",2352
"I","Lamp5 + Pax6 + Sncg + Vip","CGE interneuron","293","520",1379
"I","Lamp5 + Pax6 + Sncg + Vip","CGE interneuron","293","521",337
"I","Lamp5 + Pax6 + Sncg + Vip","CGE interneuron","293","598",62
"I","Lamp5 + Pax6 + Sncg + Vip","CGE interneuron","294","501",897
"I","Lamp5 + Pax6 + Sncg + Vip","CGE interneuron","294","502",927
"I","Lamp5 + Pax6 + Sncg + Vip","CGE interneuron","294","503",1071
"I","Lamp5 + Pax6 + Sncg + Vip","CGE interneuron","294","504",973
"I","Lamp5 + Pax6 + Sncg + Vip","CGE interneuron","294","506",675
"I","Lamp5 + Pax6 + Sncg + Vip","CGE interneuron","294","509",497
"I","Lamp5 + Pax6 + Sncg + Vip","CGE interneuron","294","510",753
"I","Lamp5 + Pax6 + Sncg + Vip","CGE interneuron","294","511",484
"I","Lamp5 + Pax6 + Sncg + Vip","CGE interneuron","294","512",620
"I","Lamp5 + Pax6 + Sncg + Vip","CGE interneuron","294","513",449
"I","Lamp5 + Pax6 + Sncg + Vip","CGE interneuron","294","599",24
"I","Lamp5 + Pax6 + Sncg + Vip","CGE interneuron","294","621",270
"I","Lamp5 + Pax6 + Sncg + Vip","CGE interneuron","295","491",4
"I","Lamp5 + Pax6 + Sncg + Vip","CGE interneuron","295","492",136
"I","Lamp5 + Pax6 + Sncg + Vip","CGE interneuron","295","493",185
"I","Lamp5 + Pax6 + Sncg + Vip","CGE interneuron","295","494",334
"I","Lamp5 + Pax6 + Sncg + Vip","CGE interneuron","295","495",580
"I","Lamp5 + Pax6 + Sncg + Vip","CGE interneuron","295","497",256
"I","Lamp5 + Pax6 + Sncg + Vip","CGE interneuron","295","498",667
"I","Lamp5 + Pax6 + Sncg + Vip","CGE interneuron","295","499",395
"I","Lamp5 + Pax6 + Sncg + Vip","CGE interneuron","295","500",262
"I","Lamp5 + Pax6 + Sncg + Vip","CGE interneuron","296","483",1221
"I","Lamp5 + Pax6 + Sncg + Vip","CGE interneuron","296","484",265
"I","Lamp5 + Pax6 + Sncg + Vip","CGE interneuron","296","485",589
"I","Lamp5 + Pax6 + Sncg + Vip","CGE interneuron","296","486",751
"I","Lamp5 + Pax6 + Sncg + Vip","CGE interneuron","296","487",773
"I","Lamp5 + Pax6 + Sncg + Vip","CGE interneuron","296","488",882
"I","Lamp5 + Pax6 + Sncg + Vip","CGE interneuron","296","489",494
"I","Lamp5 + Pax6 + Sncg + Vip","CGE interneuron","296","490",1097
"I","Lamp5 Lhx6 + Chandelier","LAMP5-LHX6 and Chandelier","264","374",3229
"I","Lamp5 Lhx6 + Chandelier","LAMP5-LHX6 and Chandelier","264","375",887
"I","Lamp5 Lhx6 + Chandelier","LAMP5-LHX6 and Chandelier","264","376",593
"I","Lamp5 Lhx6 + Chandelier","LAMP5-LHX6 and Chandelier","264","377",201
"I","Lamp5 Lhx6 + Chandelier","LAMP5-LHX6 and Chandelier","265","379",1240
"I","Lamp5 Lhx6 + Chandelier","LAMP5-LHX6 and Chandelier","265","380",391
"I","Lamp5 Lhx6 + Chandelier","LAMP5-LHX6 and Chandelier","265","382",190
"I","Lamp5 Lhx6 + Chandelier","LAMP5-LHX6 and Chandelier","265","383",808
"I","Lamp5 Lhx6 + Chandelier","LAMP5-LHX6 and Chandelier","266","378",63
"I","Lamp5 Lhx6 + Chandelier","LAMP5-LHX6 and Chandelier","266","381",53
"I","Lamp5 Lhx6 + Chandelier","LAMP5-LHX6 and Chandelier","266","384",86
"I","Lamp5 Lhx6 + Chandelier","LAMP5-LHX6 and Chandelier","266","385",203
"I","Lamp5 Lhx6 + Chandelier","LAMP5-LHX6 and Chandelier","266","386",188
"I","Lamp5 Lhx6 + Chandelier","LAMP5-LHX6 and Chandelier","266","387",3
"I","Lamp5 Lhx6 + Chandelier","LAMP5-LHX6 and Chandelier","266","388",1
"I","Lamp5 Lhx6 + Chandelier","LAMP5-LHX6 and Chandelier","267","472",13
"I","Lamp5 Lhx6 + Chandelier","LAMP5-LHX6 and Chandelier","267","473",2
"I","Lamp5 Lhx6 + Chandelier","LAMP5-LHX6 and Chandelier","267","474",1
"I","Lamp5 Lhx6 + Chandelier","LAMP5-LHX6 and Chandelier","267","475",7
"I","Lamp5 Lhx6 + Chandelier","LAMP5-LHX6 and Chandelier","267","476",4
"I","Lamp5 Lhx6 + Chandelier","LAMP5-LHX6 and Chandelier","267","477",72
"I","Lamp5 Lhx6 + Chandelier","LAMP5-LHX6 and Chandelier","267","478",12
"I","Lamp5 Lhx6 + Chandelier","LAMP5-LHX6 and Chandelier","268","444",15
"I","Lamp5 Lhx6 + Chandelier","LAMP5-LHX6 and Chandelier","268","459",2
"I","Lamp5 Lhx6 + Chandelier","LAMP5-LHX6 and Chandelier","268","460",55
"I","Lamp5 Lhx6 + Chandelier","LAMP5-LHX6 and Chandelier","268","468",3
"I","Lamp5 Lhx6 + Chandelier","LAMP5-LHX6 and Chandelier","268","469",7
"I","Lamp5 Lhx6 + Chandelier","LAMP5-LHX6 and Chandelier","269","457",4
"I","Lamp5 Lhx6 + Chandelier","LAMP5-LHX6 and Chandelier","269","463",334
"I","Lamp5 Lhx6 + Chandelier","LAMP5-LHX6 and Chandelier","269","464",290
"I","Lamp5 Lhx6 + Chandelier","LAMP5-LHX6 and Chandelier","269","465",258
"I","Lamp5 Lhx6 + Chandelier","LAMP5-LHX6 and Chandelier","269","466",47
"I","Lamp5 Lhx6 + Chandelier","LAMP5-LHX6 and Chandelier","269","467",135
"I","Lamp5 Lhx6 + Chandelier","LAMP5-LHX6 and Chandelier","270","439",46
"I","Lamp5 Lhx6 + Chandelier","LAMP5-LHX6 and Chandelier","270","440",2278
"I","Lamp5 Lhx6 + Chandelier","LAMP5-LHX6 and Chandelier","270","441",425
"I","Lamp5 Lhx6 + Chandelier","LAMP5-LHX6 and Chandelier","270","442",887
"I","Lamp5 Lhx6 + Chandelier","LAMP5-LHX6 and Chandelier","271","443",592
"I","Lamp5 Lhx6 + Chandelier","LAMP5-LHX6 and Chandelier","271","446",453
"I","Lamp5 Lhx6 + Chandelier","LAMP5-LHX6 and Chandelier","271","461",432
"I","Lamp5 Lhx6 + Chandelier","LAMP5-LHX6 and Chandelier","271","462",686
"I","Lamp5 Lhx6 + Chandelier","LAMP5-LHX6 and Chandelier","272","445",1088
"I","Lamp5 Lhx6 + Chandelier","LAMP5-LHX6 and Chandelier","273","447",614
"I","Lamp5 Lhx6 + Chandelier","LAMP5-LHX6 and Chandelier","273","470",90
"I","Lamp5 Lhx6 + Chandelier","LAMP5-LHX6 and Chandelier","273","471",89
"I","Lamp5 Lhx6 + Chandelier","LAMP5-LHX6 and Chandelier","274","448",842
"I","Lamp5 Lhx6 + Chandelier","LAMP5-LHX6 and Chandelier","274","449",357
"I","Lamp5 Lhx6 + Chandelier","LAMP5-LHX6 and Chandelier","274","450",3641
"I","Lamp5 Lhx6 + Chandelier","LAMP5-LHX6 and Chandelier","275","451",133
"I","Lamp5 Lhx6 + Chandelier","LAMP5-LHX6 and Chandelier","275","452",373
"I","Lamp5 Lhx6 + Chandelier","LAMP5-LHX6 and Chandelier","275","453",218
"I","Lamp5 Lhx6 + Chandelier","LAMP5-LHX6 and Chandelier","275","454",195
"I","Lamp5 Lhx6 + Chandelier","LAMP5-LHX6 and Chandelier","275","455",191
"I","Lamp5 Lhx6 + Chandelier","LAMP5-LHX6 and Chandelier","275","456",173
"I","Pvalb + Sst + Sst Chodl","MGE interneuron","236","328",30
"I","Pvalb + Sst + Sst Chodl","MGE interneuron","236","329",195
"I","Pvalb + Sst + Sst Chodl","MGE interneuron","236","330",113
"I","Pvalb + Sst + Sst Chodl","MGE interneuron","236","331",57
"I","Pvalb + Sst + Sst Chodl","MGE interneuron","236","392",6
"I","Pvalb + Sst + Sst Chodl","MGE interneuron","236","395",125
"I","Pvalb + Sst + Sst Chodl","MGE interneuron","236","396",5
"I","Pvalb + Sst + Sst Chodl","MGE interneuron","236","397",3
"I","Pvalb + Sst + Sst Chodl","MGE interneuron","239","319",523
"I","Pvalb + Sst + Sst Chodl","MGE interneuron","239","345",274
"I","Pvalb + Sst + Sst Chodl","MGE interneuron","239","346",374
"I","Pvalb + Sst + Sst Chodl","MGE interneuron","239","347",905
"I","Pvalb + Sst + Sst Chodl","MGE interneuron","239","348",492
"I","Pvalb + Sst + Sst Chodl","MGE interneuron","239","349",463
"I","Pvalb + Sst + Sst Chodl","MGE interneuron","239","350",510
"I","Pvalb + Sst + Sst Chodl","MGE interneuron","239","351",601
"I","Pvalb + Sst + Sst Chodl","MGE interneuron","239","352",422
"I","Pvalb + Sst + Sst Chodl","MGE interneuron","239","353",528
"I","Pvalb + Sst + Sst Chodl","MGE interneuron","240","324",158
"I","Pvalb + Sst + Sst Chodl","MGE interneuron","240","325",425
"I","Pvalb + Sst + Sst Chodl","MGE interneuron","240","326",514
"I","Pvalb + Sst + Sst Chodl","MGE interneuron","241","315",672
"I","Pvalb + Sst + Sst Chodl","MGE interneuron","241","316",550
"I","Pvalb + Sst + Sst Chodl","MGE interneuron","241","317",608
"I","Pvalb + Sst + Sst Chodl","MGE interneuron","241","320",573
"I","Pvalb + Sst + Sst Chodl","MGE interneuron","241","321",437
"I","Pvalb + Sst + Sst Chodl","MGE interneuron","241","322",1172
"I","Pvalb + Sst + Sst Chodl","MGE interneuron","241","323",450
"I","Pvalb + Sst + Sst Chodl","MGE interneuron","242","299",637
"I","Pvalb + Sst + Sst Chodl","MGE interneuron","242","308",802
"I","Pvalb + Sst + Sst Chodl","MGE interneuron","242","309",1935
"I","Pvalb + Sst + Sst Chodl","MGE interneuron","242","310",2819
"I","Pvalb + Sst + Sst Chodl","MGE interneuron","242","311",1371
"I","Pvalb + Sst + Sst Chodl","MGE interneuron","242","312",1196
"I","Pvalb + Sst + Sst Chodl","MGE interneuron","242","313",1176
"I","Pvalb + Sst + Sst Chodl","MGE interneuron","242","314",1478
"I","Pvalb + Sst + Sst Chodl","MGE interneuron","242","318",665
"I","Pvalb + Sst + Sst Chodl","MGE interneuron","243","300",66
"I","Pvalb + Sst + Sst Chodl","MGE interneuron","243","301",2295
"I","Pvalb + Sst + Sst Chodl","MGE interneuron","243","302",1121
"I","Pvalb + Sst + Sst Chodl","MGE interneuron","243","303",1938
"I","Pvalb + Sst + Sst Chodl","MGE interneuron","243","304",1596
"I","Pvalb + Sst + Sst Chodl","MGE interneuron","243","305",2818
"I","Pvalb + Sst + Sst Chodl","MGE interneuron","243","306",1645
"I","Pvalb + Sst + Sst Chodl","MGE interneuron","243","307",2459
"I","Pvalb + Sst + Sst Chodl","MGE interneuron","244","286",72
"I","Pvalb + Sst + Sst Chodl","MGE interneuron","244","287",137
"I","Pvalb + Sst + Sst Chodl","MGE interneuron","244","288",116
"I","Pvalb + Sst + Sst Chodl","MGE interneuron","244","289",177
"I","Pvalb + Sst + Sst Chodl","MGE interneuron","244","290",85
"I","Pvalb + Sst + Sst Chodl","MGE interneuron","244","291",54
"I","Pvalb + Sst + Sst Chodl","MGE interneuron","244","292",113
"I","Pvalb + Sst + Sst Chodl","MGE interneuron","245","187",4
"I","Pvalb + Sst + Sst Chodl","MGE interneuron","245","188",53
"I","Pvalb + Sst + Sst Chodl","MGE interneuron","245","189",14
"I","Pvalb + Sst + Sst Chodl","MGE interneuron","245","190",1
"I","Pvalb + Sst + Sst Chodl","MGE interneuron","245","294",38
"I","Pvalb + Sst + Sst Chodl","MGE interneuron","245","295",23
"I","Pvalb + Sst + Sst Chodl","MGE interneuron","245","296",51
"I","Pvalb + Sst + Sst Chodl","MGE interneuron","245","297",5
"I","Pvalb + Sst + Sst Chodl","MGE interneuron","245","298",156
"I","Pvalb + Sst + Sst Chodl","MGE interneuron","246","230",45
"I","Pvalb + Sst + Sst Chodl","MGE interneuron","246","231",39
"I","Pvalb + Sst + Sst Chodl","MGE interneuron","246","232",120
"I","Pvalb + Sst + Sst Chodl","MGE interneuron","246","233",2
"I","Pvalb + Sst + Sst Chodl","MGE interneuron","246","234",3
"I","Pvalb + Sst + Sst Chodl","MGE interneuron","246","235",9
"I","Pvalb + Sst + Sst Chodl","MGE interneuron","246","237",16
"I","Pvalb + Sst + Sst Chodl","MGE interneuron","246","239",3
"I","Pvalb + Sst + Sst Chodl","MGE interneuron","246","389",1
"I","Pvalb + Sst + Sst Chodl","MGE interneuron","247","240",2
"I","Pvalb + Sst + Sst Chodl","MGE interneuron","247","241",6
"I","Pvalb + Sst + Sst Chodl","MGE interneuron","247","242",1
"I","Pvalb + Sst + Sst Chodl","MGE interneuron","247","243",20
"I","Pvalb + Sst + Sst Chodl","MGE interneuron","247","245",3
"I","Pvalb + Sst + Sst Chodl","MGE interneuron","247","246",1
"I","Pvalb + Sst + Sst Chodl","MGE interneuron","248","247",142
"I","Pvalb + Sst + Sst Chodl","MGE interneuron","248","248",307
"I","Pvalb + Sst + Sst Chodl","MGE interneuron","248","249",136
"I","Pvalb + Sst + Sst Chodl","MGE interneuron","248","251",67
"I","Pvalb + Sst + Sst Chodl","MGE interneuron","248","252",173
"I","Pvalb + Sst + Sst Chodl","MGE interneuron","248","253",168
"I","Pvalb + Sst + Sst Chodl","MGE interneuron","248","254",2
"I","Pvalb + Sst + Sst Chodl","MGE interneuron","248","255",208
"I","Pvalb + Sst + Sst Chodl","MGE interneuron","248","256",292
"I","Pvalb + Sst + Sst Chodl","MGE interneuron","248","285",324
"I","Pvalb + Sst + Sst Chodl","MGE interneuron","249","222",15
"I","Pvalb + Sst + Sst Chodl","MGE interneuron","249","250",256
"I","Pvalb + Sst + Sst Chodl","MGE interneuron","249","258",249
"I","Pvalb + Sst + Sst Chodl","MGE interneuron","249","259",396
"I","Pvalb + Sst + Sst Chodl","MGE interneuron","249","260",420
"I","Pvalb + Sst + Sst Chodl","MGE interneuron","249","261",414
"I","Pvalb + Sst + Sst Chodl","MGE interneuron","249","262",129
"I","Pvalb + Sst + Sst Chodl","MGE interneuron","249","263",422
"I","Pvalb + Sst + Sst Chodl","MGE interneuron","249","264",196
"I","Pvalb + Sst + Sst Chodl","MGE interneuron","249","265",131
"I","Pvalb + Sst + Sst Chodl","MGE interneuron","249","267",376
"I","Pvalb + Sst + Sst Chodl","MGE interneuron","250","266",1070
"I","Pvalb + Sst + Sst Chodl","MGE interneuron","250","268",838
"I","Pvalb + Sst + Sst Chodl","MGE interneuron","250","269",1215
"I","Pvalb + Sst + Sst Chodl","MGE interneuron","250","270",1424
"I","Pvalb + Sst + Sst Chodl","MGE interneuron","250","271",857
"I","Pvalb + Sst + Sst Chodl","MGE interneuron","250","272",2194
"I","Pvalb + Sst + Sst Chodl","MGE interneuron","250","273",2050
"I","Pvalb + Sst + Sst Chodl","MGE interneuron","250","274",942
"I","Pvalb + Sst + Sst Chodl","MGE interneuron","250","275",1744
"I","Pvalb + Sst + Sst Chodl","MGE interneuron","250","276",487
"I","Pvalb + Sst + Sst Chodl","MGE interneuron","250","283",768
"I","Pvalb + Sst + Sst Chodl","MGE interneuron","251","277",424
"I","Pvalb + Sst + Sst Chodl","MGE interneuron","251","278",843
"I","Pvalb + Sst + Sst Chodl","MGE interneuron","251","279",1501
"I","Pvalb + Sst + Sst Chodl","MGE interneuron","251","280",5585
"I","Pvalb + Sst + Sst Chodl","MGE interneuron","251","281",2209
"I","Pvalb + Sst + Sst Chodl","MGE interneuron","251","282",1031
"I","Pvalb + Sst + Sst Chodl","MGE interneuron","251","284",1943
"I","Pvalb + Sst + Sst Chodl","MGE interneuron","252","215",108
"I","Pvalb + Sst + Sst Chodl","MGE interneuron","252","218",738
"I","Pvalb + Sst + Sst Chodl","MGE interneuron","252","221",42
"I","Pvalb + Sst + Sst Chodl","MGE interneuron","252","223",1362
"I","Pvalb + Sst + Sst Chodl","MGE interneuron","252","224",1322
"I","Pvalb + Sst + Sst Chodl","MGE interneuron","252","225",1361
"I","Pvalb + Sst + Sst Chodl","MGE interneuron","252","226",1222
"I","Pvalb + Sst + Sst Chodl","MGE interneuron","252","227",1126
"I","Pvalb + Sst + Sst Chodl","MGE interneuron","252","228",1808
"I","Pvalb + Sst + Sst Chodl","MGE interneuron","252","229",1347
"I","Pvalb + Sst + Sst Chodl","MGE interneuron","252","257",1545
"I","Pvalb + Sst + Sst Chodl","MGE interneuron","253","210",435
"I","Pvalb + Sst + Sst Chodl","MGE interneuron","253","211",574
"I","Pvalb + Sst + Sst Chodl","MGE interneuron","253","212",489
"I","Pvalb + Sst + Sst Chodl","MGE interneuron","253","213",422
"I","Pvalb + Sst + Sst Chodl","MGE interneuron","253","214",551
"I","Pvalb + Sst + Sst Chodl","MGE interneuron","253","216",484
"I","Pvalb + Sst + Sst Chodl","MGE interneuron","253","217",497
"I","Pvalb + Sst + Sst Chodl","MGE interneuron","253","219",244
"I","Pvalb + Sst + Sst Chodl","MGE interneuron","253","373",247
"I","Pvalb + Sst + Sst Chodl","MGE interneuron","254","201",324
"I","Pvalb + Sst + Sst Chodl","MGE interneuron","254","202",420
"I","Pvalb + Sst + Sst Chodl","MGE interneuron","254","203",511
"I","Pvalb + Sst + Sst Chodl","MGE interneuron","254","204",46
"I","Pvalb + Sst + Sst Chodl","MGE interneuron","254","205",747
"I","Pvalb + Sst + Sst Chodl","MGE interneuron","254","206",905
"I","Pvalb + Sst + Sst Chodl","MGE interneuron","254","207",633
"I","Pvalb + Sst + Sst Chodl","MGE interneuron","254","208",642
"I","Pvalb + Sst + Sst Chodl","MGE interneuron","254","209",390
"I","Pvalb + Sst + Sst Chodl","MGE interneuron","254","220",457
"I","Pvalb + Sst + Sst Chodl","MGE interneuron","255","365",22
"I","Pvalb + Sst + Sst Chodl","MGE interneuron","255","366",281
"I","Pvalb + Sst + Sst Chodl","MGE interneuron","255","367",791
"I","Pvalb + Sst + Sst Chodl","MGE interneuron","255","368",317
"I","Pvalb + Sst + Sst Chodl","MGE interneuron","255","369",162
"I","Pvalb + Sst + Sst Chodl","MGE interneuron","255","370",240
"I","Pvalb + Sst + Sst Chodl","MGE interneuron","255","371",46
"I","Pvalb + Sst + Sst Chodl","MGE interneuron","256","360",145
"I","Pvalb + Sst + Sst Chodl","MGE interneuron","256","361",263
"I","Pvalb + Sst + Sst Chodl","MGE interneuron","256","362",1999
"I","Pvalb + Sst + Sst Chodl","MGE interneuron","256","363",869
"I","Pvalb + Sst + Sst Chodl","MGE interneuron","256","364",37
"I","Pvalb + Sst + Sst Chodl","MGE interneuron","257","393",332
"I","Pvalb + Sst + Sst Chodl","MGE interneuron","257","394",392
"I","Pvalb + Sst + Sst Chodl","MGE interneuron","257","398",1087
"I","Pvalb + Sst + Sst Chodl","MGE interneuron","257","399",1040
"I","Pvalb + Sst + Sst Chodl","MGE interneuron","257","403",1028
"I","Pvalb + Sst + Sst Chodl","MGE interneuron","257","404",1857
"I","Pvalb + Sst + Sst Chodl","MGE interneuron","257","409",2136
"I","Pvalb + Sst + Sst Chodl","MGE interneuron","258","354",371
"I","Pvalb + Sst + Sst Chodl","MGE interneuron","258","355",823
"I","Pvalb + Sst + Sst Chodl","MGE interneuron","258","356",616
"I","Pvalb + Sst + Sst Chodl","MGE interneuron","258","357",790
"I","Pvalb + Sst + Sst Chodl","MGE interneuron","258","358",661
"I","Pvalb + Sst + Sst Chodl","MGE interneuron","258","359",1780
"I","Pvalb + Sst + Sst Chodl","MGE interneuron","258","372",659
"I","Pvalb + Sst + Sst Chodl","MGE interneuron","258","400",765
"I","Pvalb + Sst + Sst Chodl","MGE interneuron","258","401",1566
"I","Pvalb + Sst + Sst Chodl","MGE interneuron","258","402",735
"I","Pvalb + Sst + Sst Chodl","MGE interneuron","259","337",1244
"I","Pvalb + Sst + Sst Chodl","MGE interneuron","259","338",1535
"I","Pvalb + Sst + Sst Chodl","MGE interneuron","259","339",1179
"I","Pvalb + Sst + Sst Chodl","MGE interneuron","259","340",1076
"I","Pvalb + Sst + Sst Chodl","MGE interneuron","259","341",3155
"I","Pvalb + Sst + Sst Chodl","MGE interneuron","259","342",1119
"I","Pvalb + Sst + Sst Chodl","MGE interneuron","259","343",859
"I","Pvalb + Sst + Sst Chodl","MGE interneuron","259","344",1565
"I","Pvalb + Sst + Sst Chodl","MGE interneuron","259","412",2074
"I","Pvalb + Sst + Sst Chodl","MGE interneuron","260","332",234
"I","Pvalb + Sst + Sst Chodl","MGE interneuron","260","333",259
"I","Pvalb + Sst + Sst Chodl","MGE interneuron","260","334",254
"I","Pvalb + Sst + Sst Chodl","MGE interneuron","260","335",774
"I","Pvalb + Sst + Sst Chodl","MGE interneuron","260","336",635
"I","Pvalb + Sst + Sst Chodl","MGE interneuron","260","421",1561
"I","Pvalb + Sst + Sst Chodl","MGE interneuron","260","422",614
"I","Pvalb + Sst + Sst Chodl","MGE interneuron","261","410",1248
"I","Pvalb + Sst + Sst Chodl","MGE interneuron","261","411",2562
"I","Pvalb + Sst + Sst Chodl","MGE interneuron","261","413",3358
"I","Pvalb + Sst + Sst Chodl","MGE interneuron","261","414",1502
"I","Pvalb + Sst + Sst Chodl","MGE interneuron","261","415",2251
"I","Pvalb + Sst + Sst Chodl","MGE interneuron","261","416",1433
"I","Pvalb + Sst + Sst Chodl","MGE interneuron","261","417",1645
"I","Pvalb + Sst + Sst Chodl","MGE interneuron","261","418",2529
"I","Pvalb + Sst + Sst Chodl","MGE interneuron","261","419",1168
"I","Pvalb + Sst + Sst Chodl","MGE interneuron","261","420",456
"I","Pvalb + Sst + Sst Chodl","MGE interneuron","262","405",1099
"I","Pvalb + Sst + Sst Chodl","MGE interneuron","262","406",568
"I","Pvalb + Sst + Sst Chodl","MGE interneuron","262","407",947
"I","Pvalb + Sst + Sst Chodl","MGE interneuron","262","408",5734
"I","Pvalb + Sst + Sst Chodl","MGE interneuron","263","423",782
"I","Pvalb + Sst + Sst Chodl","MGE interneuron","263","424",4746
