"anatomy_group","p_cells_Amygdala excitatory","p_cells_CGE interneuron","p_cells_Cerebellar inhibitory","p_cells_Deep-layer corticothalamic and 6b","p_cells_Deep-layer intratelencephalic","p_cells_Deep-layer near-projecting","p_cells_Eccentric medium spiny neuron","p_cells_Hippocampal CA1-3","p_cells_Hippocampal CA4","p_cells_Hippocampal dentate gyrus","p_cells_LAMP5-LHX6 and Chandelier","p_cells_Lower rhombic lip","p_cells_MGE interneuron","p_cells_Mammillary body","p_cells_Medium spiny neuron","p_cells_Midbrain-derived inhibitory","p_cells_Miscellaneous","p_cells_Splatter","p_cells_Thalamic excitatory","p_cells_Upper rhombic lip","p_cells_Upper-layer intratelencephalic","rcmr_value","is_telencephalon","division"
"Basal forebrain",0.00350827540508231,0.0457381470192464,0.0000335594401451934,0.0146677499016186,0.0300609232866635,0.00811175320410533,0.116136172887527,0.0000461467466543609,0.0000671188802903868,0,0.0113982516875825,0.0000483231854643858,0.0342241688248085,0,0.452087432775514,0.00090491136108768,0.00362305226194972,0.247283107535259,0.0000181771912604064,0.000106662721907367,0.0319360656838332,21.4,TRUE,"Telencephalon"
"Caudatum",0,0.00621132225624407,0,0,0.0000383936113030792,0,0.0518175198364153,0,0,0,0.00038820825279792,0,0.000566410457562319,0,0.856036305135396,0,0,0.0847634447898383,0,0.0000383936113030792,0.00014000204913981,32.6,TRUE,"Telencephalon"
"Cerebellar cortex",0,0,0.0408866031433646,0,0.0000307872294572211,0,0,0,0,0,0,0,0,0,0,0,0.0000522875816993464,0.0000522875816993464,0,0.95897803446378,0,29.8,FALSE,"Non-telencephalon"
"Colliculus inferior",0,0.000618970166824884,0.00908709389474515,0.0000455809289393318,0,0,0,0,0,0,0,0.0000332701201051336,0.0000313106644122988,0,0,0.087413234167232,0.0000645807845174324,0.611318243010974,0.0000626213288245977,0.290933137240258,0.000391957693167454,31.4,FALSE,"Non-telencephalon"
"Colliculus superior",0.000025153435959352,0.0113888624174064,0.00162775894549097,0.00166251039068994,0.000248952911629152,0.0000639427073342285,0,0,0,0,0.00132226956126661,0,0.00284795838470863,0,0,0.213532265274278,0.0379112075314898,0.720720216456511,0.00436184301004384,0.00281340558307715,0.00147365339011539,24.4,FALSE,"Non-telencephalon"
"Corpus amygdaloideum",0.336613250782452,0.119050134526165,0.00000514721021206506,0.0246968155037637,0.0902251901527614,0.00130457191493582,0.0980860888425069,0.005443015897179,0.0000617665225447807,0,0.0351253082244987,0,0.0424512426670147,0,0.119811433891782,0.000837222721352675,0.00397789824097873,0.0968997627542808,0.00245624440055893,0.000118385834877496,0.0228365199121343,22.2,TRUE,"Telencephalon"
"Corpus geniculatum laterale",0,0.0279281998130395,0.0000769756590447949,0.0000323060024552562,0,0,0.0000213661517424097,0.000046607009694258,0,0.000116517524235645,0.0026093649375402,0,0.00148145137581878,0,0.0000769756590447949,0.287345779176787,0.000182553332567593,0.0915505336785998,0.586893003928037,0.00147524121746303,0.000163124533929903,23.1,FALSE,"Non-telencephalon"
"Corpus geniculatum mediale",0.000140805406927626,0.0261601613637359,0,0,0,0,0,0.000070402703463813,0,0.000070402703463813,0.00176006758659533,0,0.000357108314651725,0.000070402703463813,0,0.602517594101934,0.00176006758659533,0.118515997293841,0.245085574927746,0.00335060990065392,0.000140805406927626,20.2,FALSE,"Non-telencephalon"
"Frontal lobe",0.00081295480557731,0.135049251860679,0.0000415904175677924,0.0557525155982408,0.189678618927293,0.0198253001266151,0.000173615113124131,0.00313869636063206,0.0000155964065879221,0.0000935784395275329,0.0240364581798439,0.0000883796373315588,0.173678249474994,0.0000467892197637664,0.000191533827482861,0.0000519880219597405,0.00711073727494804,0.00225607306655345,0.000426301780069872,0.000493886208617535,0.38703788525259,35.3,TRUE,"Telencephalon"
"Hippocampus",0.0239057218518842,0.114381253143411,0,0.0517872424924363,0.0168011692146228,0.000944294596602724,0.000675445050668914,0.309878444621729,0.0442915830851398,0.280134692707882,0.0340820980547277,0,0.0744632110982655,0,0.00201756532199768,0.00000403063280935107,0.0306176162118973,0.00332614826818475,0.0000282144296654575,0.0000610730896506237,0.0126001961284251,25.7,TRUE,"Telencephalon"
"Insular lobe",0.000418021164124475,0.131541652291542,0,0.0598287815383652,0.197709793150537,0.0210732934601283,0.000846064395495847,0,0,0,0.0239426257248286,0,0.161993694126135,0,0.000639111475287193,0,0.00987997509662402,0.00295456412601074,0,0,0.389172423450922,30.3,TRUE,"Telencephalon"
"Nucleus accumbens",0.000348347093043508,0.00344496271469813,0,0.000764033364755906,0.0000348347093043508,0.000243842965130456,0.0872893641900298,0,0,0,0.000343686613163882,0,0.0010331981842182,0,0.810473420813806,0,0.0000348347093043508,0.0958222918158432,0,0,0.000167182826702315,32.3,TRUE,"Telencephalon"
"Nucleus dentatus cerebelli",0,0,0.0749716916156856,0,0,0,0,0,0,0,0,0.000428081397017074,0.00021079258010118,0,0.0000367674093683359,0.00201283397505306,0,0.119223076697178,0,0.803116756325597,0,24.2,FALSE,"Non-telencephalon"
"Nucleus medial thalami",0.0000405712431028887,0.0030347702941397,0.0000359040643400833,0,0.000076475307442972,0,0.0000359040643400833,0,0,0,0.00473118889453868,0,0.00130429435041075,0,0,0.573396735150467,0,0.0530787123267237,0.363702073921521,0.000291899693483472,0.000271470689489718,36.6,FALSE,"Non-telencephalon"
"Nucleus ruber",0,0.00346620450606586,0.000577700751010976,0.0023108030040439,0.00288850375505488,0,0,0,0,0,0.000577700751010976,0,0.000577700751010976,0,0,0.868861929520508,0,0.119006354708261,0,0.000577700751010976,0.00115540150202195,31,FALSE,"Non-telencephalon"
"Nucleus subthalamicus",0,0.0478113600833768,0,0.00109649122807018,0.00109649122807018,0,0,0.00109649122807018,0,0.00109649122807018,0.00328947368421053,0,0.00109649122807018,0.00548245614035088,0,0.308667708876151,0,0.60836807364947,0.0099009900990099,0,0.0109974813270801,25.2,FALSE,"Non-telencephalon"
"Occipital lobe",0,0.108038675579754,0.00000987244797219919,0.0370554108941473,0.150948028005688,0.0115362520594715,0,0,0,0,0.0160952386947333,0,0.144860652872448,0,0,0,0.00201902509216874,0.00049612134846229,0,0.00000987244797219919,0.528930850557183,35.8,TRUE,"Telencephalon"
"Pallidum",0.00035586961593421,0.0159052722156262,0.000196540880503145,0.0000982704402515723,0.00106760884780263,0,0.0645897220418852,0,0,0,0.00086577901013795,0.0881485849056604,0.0026889703160636,0,0.547770170751138,0.0130633231146117,0,0.249217385184516,0.000369137851718553,0.0141137312511543,0.00154963357299739,21.9,TRUE,"Telencephalon"
"Parietal lobe",0.000022695551751937,0.141045737263735,0,0.0358565909794059,0.154880773627823,0.0145915124524559,0.0000545218403219431,0,0,0,0.0220876735393618,0,0.186501166705521,0,0,0,0.00304647867802414,0.0010997840254228,0,0,0.440813065336176,35.8,TRUE,"Telencephalon"
"Putamen",0.0000364577636807758,0.0147710506399504,0,0.0038330761487104,0.0246819473394088,0,0.0499454963305167,0,0,0,0.00303409829348009,0,0.00673601123378495,0,0.847392157477413,0,0,0.0494653011167181,0,0,0.000104403656336928,40.2,TRUE,"Telencephalon"
"Substantia nigra",0.0010210493245366,0.0204065921881083,0.00054086310640395,0.000271220483093893,0.000271220483093893,0,0.0000785422557335847,0.000235626767200754,0.00489549793974129,0.0348747591522158,0.00484328776974498,0.092464170134073,0.00278339226272521,0.000697947617871119,0.000157084511467169,0.331609693359997,0.0000963391136801542,0.459779788780579,0.0324975480960665,0.011829241749853,0.000646134903815247,22.8,FALSE,"Non-telencephalon"
"Temporal lobe",0.0771898401552255,0.162259848870913,0.00000537899153260286,0.0547699534175054,0.158788670564574,0.0114511004481679,0.00332042732816524,0.0000305603327431371,0,0.00000537899153260286,0.0263705527503023,0.00000857713849505528,0.154850879661789,0,0.000190327709117133,0,0.0142746945531325,0.00289281620817144,0,0.0000538572210742094,0.333537135657559,30.5,TRUE,"Telencephalon"
"Vermis",0,0,0.150887216073827,0,0,0,0,0,0,0,0,0,0,0,0,0,0.00013097735643529,0.0000641136655927509,0,0.848917692904145,0,30.1,FALSE,"Non-telencephalon"
