area,cluster,area_specificity
A1,Astro_1,0.100711243
A1,Astro_2,0.07792376
A1,Astro_3,0.156062384
A1,Chandelier_1,0.137704793
A1,Endo_1,0.110543348
A1,L2/3 IT_1,0.152516801
A1,L2/3 IT_2,0.15441687
A1,L2/3 IT_3,0.169770163
A1,L2/3 IT_4,0.234287921
A1,L4 IT_1,0.181698309
A1,L4 IT_2,0.18831612
A1,L4 IT_3,0.234996277
A1,L4 IT_4,0.169941767
A1,L4 IT_5,0.174556941
A1,L5 ET_1,0.042741434
A1,L5 ET_2,0.411324675
A1,L5 IT_1,0.150143874
A1,L5 IT_2,0.120943602
A1,L5 IT_3,0.12267917
A1,L5 IT_4,0.123807524
A1,L5/6 NP_1,0.203628378
A1,L5/6 NP_2,0.103280215
A1,L5/6 NP_3,0.11241736
A1,L5/6 NP_4,0.277632683
A1,L6 CT_1,0.124616132
A1,L6 IT Car3_1,0.11844332
A1,L6 IT Car3_2,0.118384632
A1,L6 IT_1,0.102737024
A1,L6 IT_2,0.098190158
A1,L6 IT_3,0.097685382
A1,L6 IT_4,0.087065341
A1,L6b_1,0.114283189
A1,L6b_2,0.315624855
A1,L6b_3,0.089574129
A1,L6b_4,0.115442011
A1,Lamp5 Lhx6_1,0.114351852
A1,Lamp5 Lhx6_2,0.114452835
A1,Lamp5_1,0.137966183
A1,Lamp5_2,0.151433707
A1,Lamp5_3,0.140558168
A1,Micro/PVM_1,0.100173197
A1,Oligo_1,0.096768766
A1,Oligo_2,0.136313341
A1,Oligo_3,0.114594489
A1,Oligo_4,0.137603836
A1,OPC_1,0.081811114
A1,Pax6_1,0.133928571
A1,Pax6_2,0.150265321
A1,Pax6_3,0.101976364
A1,Pax6_4,0.118397425
A1,Pvalb_1,0.18529933
A1,Pvalb_2,0.123011275
A1,Pvalb_3,0.104649257
A1,Pvalb_4,0.104877447
A1,Pvalb_5,0.120994686
A1,Pvalb_6,0.124176272
A1,Pvalb_7,0.125368398
A1,Pvalb_8,0.167331915
A1,Pvalb_9,0.16035525
A1,Sncg_1,0.122106398
A1,Sncg_2,0.12631487
A1,Sncg_3,0.119889741
A1,Sncg_4,0.165903946
A1,Sncg_5,0.197195651
A1,Sncg_6,0.171069794
A1,Sncg_7,0.169064526
A1,Sncg_8,0.140661555
A1,Sst Chodl_1,0.111400778
A1,Sst Chodl_2,0.145299746
A1,Sst_1,0.120660074
A1,Sst_10,0.175512734
A1,Sst_11,0.154628882
A1,Sst_12,0.137140126
A1,Sst_13,0.161779311
A1,Sst_14,0.230248611
A1,Sst_15,0.111960677
A1,Sst_16,0.137287219
A1,Sst_17,0.1585121
A1,Sst_18,0.114302874
A1,Sst_19,0.10376794
A1,Sst_2,0.105772886
A1,Sst_20,0.200949931
A1,Sst_21,0.202317622
A1,Sst_22,0.176234668
A1,Sst_23,0.125550252
A1,Sst_24,0.127587957
A1,Sst_25,0.104920871
A1,Sst_26,0.116417811
A1,Sst_27,0.109399193
A1,Sst_28,0.120453821
A1,Sst_29,0.127870117
A1,Sst_3,0.142850658
A1,Sst_30,0.121355186
A1,Sst_31,0.132930857
A1,Sst_32,0.11405856
A1,Sst_33,0.114181965
A1,Sst_34,0.152737499
A1,Sst_35,0.149808589
A1,Sst_36,0.157693774
A1,Sst_37,0.198557245
A1,Sst_38,0.141646001
A1,Sst_4,0.11284967
A1,Sst_5,0.12226094
A1,Sst_6,0.112764239
A1,Sst_7,0.141782374
A1,Sst_8,0.230357346
A1,Sst_9,0.116538595
A1,Vip_1,0.171111148
A1,Vip_10,0.104663368
A1,Vip_11,0.132044974
A1,Vip_12,0.149240083
A1,Vip_13,0.139561411
A1,Vip_14,0.182209477
A1,Vip_15,0.180258992
A1,Vip_16,0.176169105
A1,Vip_17,0.170590913
A1,Vip_18,0.178957612
A1,Vip_19,0.141604139
A1,Vip_2,0.162594258
A1,Vip_20,0.144341066
A1,Vip_21,0.157756423
A1,Vip_22,0.10671379
A1,Vip_23,0.122129492
A1,Vip_24,0.098397508
A1,Vip_25,0.152581853
A1,Vip_26,0.124582504
A1,Vip_3,0.167559649
A1,Vip_4,0.146516024
A1,Vip_5,0.179343725
A1,Vip_6,0.156880599
A1,Vip_7,0.1499176
A1,Vip_8,0.120316131
A1,Vip_9,0.142899038
A1,VLMC_1,0.106826497
ACC,Astro_1,0.185137048
ACC,Astro_2,0.179483466
ACC,Astro_3,0.14933259
ACC,Chandelier_1,0.163726867
ACC,Endo_1,0.197666788
ACC,L2/3 IT_1,0.119875536
ACC,L2/3 IT_2,0.119944472
ACC,L2/3 IT_3,0.119696379
ACC,L2/3 IT_4,0.152986243
ACC,L2/3 IT_5,0.186434496
ACC,L2/3 IT_6,0.12377208
ACC,L4 IT_1,0.02241311
ACC,L4 IT_2,0.22306877
ACC,L4 IT_3,0.187147549
ACC,L5 ET_1,0.582229658
ACC,L5 IT_1,0.148606235
ACC,L5 IT_2,0.125621275
ACC,L5 IT_3,0.126226575
ACC,L5 IT_4,0.10853368
ACC,L5 IT_5,0.148173468
ACC,L5 IT_6,0.130255452
ACC,L5 IT_7,0.149624711
ACC,L5/6 NP_1,0.250768576
ACC,L5/6 NP_2,0.231241903
ACC,L5/6 NP_3,0.228077003
ACC,L6 CT_1,0.230954687
ACC,L6 IT Car3_1,0.053956254
ACC,L6 IT_1,0.159239023
ACC,L6 IT_2,0.164681097
ACC,L6b_1,0.17976236
ACC,L6b_2,0.126501767
ACC,L6b_3,0.408481167
ACC,L6b_4,0.298460555
ACC,Lamp5 Lhx6_1,0.17473545
ACC,Lamp5_1,0.146853464
ACC,Lamp5_2,0.273930408
ACC,Lamp5_3,0.11514637
ACC,Micro/PVM_1,0.202685193
ACC,Oligo_1,0.102518043
ACC,Oligo_2,0.141345105
ACC,Oligo_3,0.102611042
ACC,OPC_1,0.189988227
ACC,Pax6_1,0.166294643
ACC,Pax6_2,0.147836832
ACC,Pax6_3,0.27321534
ACC,Pax6_4,0.288460731
ACC,Pvalb_1,0.206004962
ACC,Pvalb_2,0.203282184
ACC,Pvalb_3,0.131099527
ACC,Pvalb_4,0.119653928
ACC,Pvalb_5,0.12227802
ACC,Pvalb_6,0.164259437
ACC,Pvalb_7,0.155214972
ACC,Sncg_1,0.118763031
ACC,Sncg_2,0.16880037
ACC,Sncg_3,0.191831194
ACC,Sncg_4,0.150673149
ACC,Sncg_5,0.234956954
ACC,Sncg_6,0.204748761
ACC,Sncg_7,0.130796833
ACC,Sncg_8,0.261220565
ACC,Sncg_9,0.226252278
ACC,Sst Chodl_1,0.261277391
ACC,Sst Chodl_2,0.261083744
ACC,Sst_1,0.128338857
ACC,Sst_10,0.153814413
ACC,Sst_11,0.214558529
ACC,Sst_12,0.077163508
ACC,Sst_13,0.171051044
ACC,Sst_14,0.247596017
ACC,Sst_15,0.177792725
ACC,Sst_16,0.170260517
ACC,Sst_17,0.223250275
ACC,Sst_18,0.212231986
ACC,Sst_19,0.20354277
ACC,Sst_2,0.276936013
ACC,Sst_20,0.211185996
ACC,Sst_21,0.210144679
ACC,Sst_22,0.222706603
ACC,Sst_23,0.169649733
ACC,Sst_24,0.180798148
ACC,Sst_25,0.09690731
ACC,Sst_26,0.125212205
ACC,Sst_27,0.184438034
ACC,Sst_28,0.142538913
ACC,Sst_29,0.138023826
ACC,Sst_3,0.383363304
ACC,Sst_30,0.126737694
ACC,Sst_31,0.174601363
ACC,Sst_32,0.176767981
ACC,Sst_33,0.180065699
ACC,Sst_4,0.247607265
ACC,Sst_5,0.165704162
ACC,Sst_6,0.326415885
ACC,Sst_7,0.58025762
ACC,Sst_8,0.326354136
ACC,Sst_9,0.11081422
ACC,Vip_1,0.180694695
ACC,Vip_10,0.259302209
ACC,Vip_11,0.316737317
ACC,Vip_12,0.137115091
ACC,Vip_13,0.103666436
ACC,Vip_14,0.134949625
ACC,Vip_15,0.142482296
ACC,Vip_16,0.204046931
ACC,Vip_17,0.138569923
ACC,Vip_18,0.082358605
ACC,Vip_19,0.079706777
ACC,Vip_2,0.08377521
ACC,Vip_20,0.08157124
ACC,Vip_21,0.171315899
ACC,Vip_22,0.168837537
ACC,Vip_23,0.230359738
ACC,Vip_24,0.197842312
ACC,Vip_25,0.157968799
ACC,Vip_26,0.188782186
ACC,Vip_27,0.148111165
ACC,Vip_28,0.129126685
ACC,Vip_29,0.107990081
ACC,Vip_3,0.122452137
ACC,Vip_30,0.086917981
ACC,Vip_4,0.163928854
ACC,Vip_5,0.159778234
ACC,Vip_6,0.184402248
ACC,Vip_7,0.198520572
ACC,Vip_8,0.146761636
ACC,Vip_9,0.14401605
ACC,VLMC_1,0.11215267
ACC,VLMC_2,0.319658835
ANG,Astro_1,0.138688515
ANG,Astro_2,0.160832635
ANG,Astro_3,0.124008325
ANG,Astro_4,0.110756124
ANG,Chandelier_1,0.062952326
ANG,Endo_1,0.113467355
ANG,L2/3 IT_1,0.120090584
ANG,L2/3 IT_2,0.125192943
ANG,L2/3 IT_3,0.109367798
ANG,L4 IT_1,0.092734538
ANG,L4 IT_2,0.10546521
ANG,L4 IT_3,0.223864933
ANG,L5 ET_1,0.017701234
ANG,L5 ET_2,0.099802339
ANG,L5 IT_1,0.1046972
ANG,L5 IT_2,0.099277124
ANG,L5 IT_3,0.069027699
ANG,L5/6 NP_1,0.058034547
ANG,L5/6 NP_2,0.08158206
ANG,L5/6 NP_3,0.081164045
ANG,L6 CT_1,0.066961829
ANG,L6 IT Car3_1,0.070886187
ANG,L6 IT Car3_2,0.070820434
ANG,L6 IT Car3_3,0.070895232
ANG,L6 IT_1,0.06573197
ANG,L6 IT_2,0.06880289
ANG,L6b_1,0.079858657
ANG,L6b_2,0.072756806
ANG,L6b_3,0.079858657
ANG,L6b_4,0.074552162
ANG,L6b_5,0.079858657
ANG,L6b_6,0.134337915
ANG,Lamp5 Lhx6_1,0.090277778
ANG,Lamp5_1,0.093018309
ANG,Lamp5_2,0.105758288
ANG,Lamp5_3,0.072956737
ANG,Lamp5_4,0.116158472
ANG,Lamp5_5,0.137678968
ANG,Micro/PVM_1,0.151919456
ANG,Oligo_1,0.153739552
ANG,Oligo_2,0.153092044
ANG,OPC_1,0.173835354
ANG,Pax6_1,0.069988923
ANG,Pax6_2,0.09118541
ANG,Pax6_3,0.099565486
ANG,Pax6_4,0.112340978
ANG,Pax6_5,0.117829887
ANG,Pvalb_1,0.146316332
ANG,Pvalb_10,0.096536891
ANG,Pvalb_2,0.085331395
ANG,Pvalb_3,0.091331559
ANG,Pvalb_4,0.096110988
ANG,Pvalb_5,0.073482943
ANG,Pvalb_6,0.134538382
ANG,Pvalb_7,0.099027665
ANG,Pvalb_8,0.070817264
ANG,Pvalb_9,0.081057057
ANG,Sncg_1,0.091262801
ANG,Sncg_2,0.102384896
ANG,Sncg_3,0.119170949
ANG,Sncg_4,0.120040683
ANG,Sncg_5,0.139947096
ANG,Sncg_6,0.121993952
ANG,Sst Chodl_1,0.085385878
ANG,Sst_1,0.119376286
ANG,Sst_10,0.090379472
ANG,Sst_11,0.073992187
ANG,Sst_12,0.075470307
ANG,Sst_13,0.089871373
ANG,Sst_14,0.074386113
ANG,Sst_15,0.055139728
ANG,Sst_16,0.062761734
ANG,Sst_17,0.118210904
ANG,Sst_18,0.121704803
ANG,Sst_19,0.124432212
ANG,Sst_2,0.091734898
ANG,Sst_20,0.114569762
ANG,Sst_21,0.112565467
ANG,Sst_22,0.133462078
ANG,Sst_23,0.138593438
ANG,Sst_24,0.099119725
ANG,Sst_25,0.146247311
ANG,Sst_26,0.151486449
ANG,Sst_27,0.169154047
ANG,Sst_28,0.170746311
ANG,Sst_29,0.173705321
ANG,Sst_3,0.098599677
ANG,Sst_30,0.173448742
ANG,Sst_31,0.139878903
ANG,Sst_32,0.185197961
ANG,Sst_4,0.056646872
ANG,Sst_5,0.080142692
ANG,Sst_6,0.093337661
ANG,Sst_7,0.135740964
ANG,Sst_8,0.138469418
ANG,Sst_9,0.087875708
ANG,Vip_1,0.090647495
ANG,Vip_10,0.089142476
ANG,Vip_11,0.081165545
ANG,Vip_12,0.115009497
ANG,Vip_13,0.105569456
ANG,Vip_14,0.128991207
ANG,Vip_15,0.116522334
ANG,Vip_16,0.145741824
ANG,Vip_17,0.144014806
ANG,Vip_18,0.140834081
ANG,Vip_19,0.147185373
ANG,Vip_2,0.092217268
ANG,Vip_20,0.14790567
ANG,Vip_21,0.16535853
ANG,Vip_22,0.142610566
ANG,Vip_23,0.171775999
ANG,Vip_24,0.17498296
ANG,Vip_25,0.175421888
ANG,Vip_26,0.173551483
ANG,Vip_27,0.133148141
ANG,Vip_28,0.117787636
ANG,Vip_29,0.138830613
ANG,Vip_3,0.136129217
ANG,Vip_30,0.105581896
ANG,Vip_31,0.083005483
ANG,Vip_4,0.138197405
ANG,Vip_5,0.099981206
ANG,Vip_6,0.114306608
ANG,Vip_7,0.105187791
ANG,Vip_8,0.137529289
ANG,Vip_9,0.099914408
ANG,VLMC_1,0.121314088
DLPFC,Astro_1,0.136074847
DLPFC,Astro_2,0.069189555
DLPFC,Astro_3,0.251817199
DLPFC,Chandelier_1,0.137622056
DLPFC,Endo_1,0.171116312
DLPFC,L2/3 IT_1,0.135717162
DLPFC,L2/3 IT_2,0.13047344
DLPFC,L2/3 IT_3,0.131970215
DLPFC,L2/3 IT_4,0.12993274
DLPFC,L4 IT_1,0.078644277
DLPFC,L4 IT_2,0.108140137
DLPFC,L5 ET_1,0.10097607
DLPFC,L5 ET_2,0.105310945
DLPFC,L5 IT_1,0.123446012
DLPFC,L5 IT_2,0.120183478
DLPFC,L5 IT_3,0.075136265
DLPFC,L5/6 NP_1,0.096039591
DLPFC,L5/6 NP_2,0.114169083
DLPFC,L5/6 NP_3,0.123435597
DLPFC,L6 CT_1,0.093022946
DLPFC,L6 IT Car3_1,0.063078479
DLPFC,L6 IT_1,0.079532276
DLPFC,L6b_1,0.102986546
DLPFC,L6b_2,0.097173145
DLPFC,L6b_3,0.077144135
DLPFC,L6b_4,0.081731513
DLPFC,Lamp5 Lhx6_1,0.105092593
DLPFC,Lamp5_1,0.173919996
DLPFC,Lamp5_2,0.149746377
DLPFC,Lamp5_3,0.143283643
DLPFC,Lamp5_4,0.160480896
DLPFC,Lamp5_5,0.161149513
DLPFC,Lamp5_6,0.162248248
DLPFC,Micro/PVM_1,0.127488672
DLPFC,Oligo_1,0.101448593
DLPFC,Oligo_2,0.094031054
DLPFC,Oligo_3,0.135358117
DLPFC,Oligo_4,0.105659356
DLPFC,OPC_1,0.164262923
DLPFC,Pax6_1,0.142290277
DLPFC,Pax6_2,0.118303571
DLPFC,Pax6_3,0.151934373
DLPFC,Pax6_4,0.121385621
DLPFC,Pvalb_1,0.138093335
DLPFC,Pvalb_2,0.097388641
DLPFC,Pvalb_3,0.140115545
DLPFC,Pvalb_4,0.117548061
DLPFC,Pvalb_5,0.089910814
DLPFC,Pvalb_6,0.124602251
DLPFC,Pvalb_7,0.124759943
DLPFC,Pvalb_8,0.087859501
DLPFC,Sncg_1,0.188374982
DLPFC,Sncg_2,0.158128441
DLPFC,Sncg_3,0.144076232
DLPFC,Sncg_4,0.139340194
DLPFC,Sncg_5,0.183844148
DLPFC,Sncg_6,0.151280949
DLPFC,Sncg_7,0.148411298
DLPFC,Sncg_8,0.161257456
DLPFC,Sst Chodl_1,0.116584565
DLPFC,Sst Chodl_2,0.115296568
DLPFC,Sst_1,0.129224762
DLPFC,Sst_10,0.1628395
DLPFC,Sst_11,0.071811072
DLPFC,Sst_12,0.068791608
DLPFC,Sst_13,0.086566502
DLPFC,Sst_14,0.085531603
DLPFC,Sst_15,0.098235825
DLPFC,Sst_16,0.112876715
DLPFC,Sst_17,0.11781574
DLPFC,Sst_18,0.092757703
DLPFC,Sst_19,0.143264535
DLPFC,Sst_2,0.176881464
DLPFC,Sst_20,0.110119186
DLPFC,Sst_21,0.110130039
DLPFC,Sst_22,0.10967556
DLPFC,Sst_23,0.136998016
DLPFC,Sst_24,0.120695609
DLPFC,Sst_25,0.140310955
DLPFC,Sst_26,0.135600715
DLPFC,Sst_27,0.101478581
DLPFC,Sst_28,0.139166095
DLPFC,Sst_29,0.10405697
DLPFC,Sst_3,0.220964287
DLPFC,Sst_4,0.13817667
DLPFC,Sst_5,0.108234398
DLPFC,Sst_6,0.146717943
DLPFC,Sst_7,0.182965144
DLPFC,Sst_8,0.143804936
DLPFC,Sst_9,0.059077442
DLPFC,Vip_1,0.148129947
DLPFC,Vip_10,0.144830921
DLPFC,Vip_11,0.149837616
DLPFC,Vip_12,0.117612958
DLPFC,Vip_13,0.125607391
DLPFC,Vip_14,0.119006762
DLPFC,Vip_15,0.124590201
DLPFC,Vip_16,0.114405099
DLPFC,Vip_17,0.111023746
DLPFC,Vip_18,0.149556682
DLPFC,Vip_19,0.12072131
DLPFC,Vip_2,0.171551369
DLPFC,Vip_20,0.123368139
DLPFC,Vip_21,0.10910933
DLPFC,Vip_22,0.107121533
DLPFC,Vip_23,0.109161345
DLPFC,Vip_24,0.112933856
DLPFC,Vip_25,0.091758592
DLPFC,Vip_26,0.147848352
DLPFC,Vip_27,0.135663187
DLPFC,Vip_28,0.114436899
DLPFC,Vip_29,0.112464851
DLPFC,Vip_3,0.126965104
DLPFC,Vip_4,0.146322209
DLPFC,Vip_5,0.148665344
DLPFC,Vip_6,0.133463837
DLPFC,Vip_7,0.13730221
DLPFC,Vip_8,0.141485974
DLPFC,Vip_9,0.119949352
DLPFC,VLMC_1,0.151098002
M1,Astro_1,0.056926811
M1,Astro_2,0.049780973
M1,Astro_3,0.057157925
M1,Chandelier_1,0.074439977
M1,Endo_1,0.080547787
M1,L2/3 IT_1,0.11962418
M1,L2/3 IT_2,0.402909145
M1,L2/3 IT_3,0.124953531
M1,L2/3 IT_4,0.205361231
M1,L2/3 IT_5,0.525780768
M1,L4 IT_1,0.155473043
M1,L4 IT_2,0.489775993
M1,L4 IT_3,0.211862183
M1,L5 ET_1,0.57992457
M1,L5 ET_2,0.163854122
M1,L5 ET_3,0.167120344
M1,L5 IT_1,0.108038816
M1,L5 IT_2,0.10961068
M1,L5 IT_3,0.10783986
M1,L5 IT_4,0.049404709
M1,L5/6 NP_1,0.124473223
M1,L5/6 NP_2,0.180444236
M1,L5/6 NP_3,0.667575942
M1,L5/6 NP_4,0.34835578
M1,L6 CT_1,0.218987728
M1,L6 CT_2,0.158341038
M1,L6 CT_3,0.158403496
M1,L6 CT_4,0.15825733
M1,L6 IT Car3_1,0.072858683
M1,L6 IT_1,0.15049111
M1,L6 IT_2,0.152913419
M1,L6b_1,0.026714132
M1,L6b_2,0.108224556
M1,L6b_3,0.145520109
M1,L6b_4,0.108127208
M1,L6b_5,0.141971888
M1,L6b_6,0.093311658
M1,Lamp5 Lhx6_1,0.116269841
M1,Lamp5 Lhx6_2,0.116269841
M1,Lamp5_1,0.137198092
M1,Lamp5_2,0.130070347
M1,Lamp5_3,0.110867813
M1,Lamp5_4,0.141710602
M1,Lamp5_5,0.090324947
M1,Micro/PVM_1,0.035606123
M1,Oligo_1,0.07125561
M1,Oligo_2,0.095410651
M1,OPC_1,0.034293094
M1,Pax6_1,0.134849233
M1,Pax6_2,0.112717061
M1,Pax6_3,0.110448556
M1,Pax6_4,0.139048994
M1,Pax6_5,0.096398666
M1,Pvalb_1,0.107593752
M1,Pvalb_10,0.127079618
M1,Pvalb_11,0.129231974
M1,Pvalb_12,0.118545109
M1,Pvalb_13,0.124806709
M1,Pvalb_14,0.13289379
M1,Pvalb_15,0.127789141
M1,Pvalb_16,0.090652548
M1,Pvalb_17,0.0926723
M1,Pvalb_2,0.096430594
M1,Pvalb_3,0.129150266
M1,Pvalb_4,0.12816547
M1,Pvalb_5,0.125897962
M1,Pvalb_6,0.098269885
M1,Pvalb_7,0.088893535
M1,Pvalb_8,0.128709297
M1,Pvalb_9,0.121021522
M1,Sncg_1,0.095046527
M1,Sncg_2,0.100977258
M1,Sncg_3,0.062581517
M1,Sncg_4,0.083402624
M1,Sncg_5,0.08492963
M1,Sncg_6,0.095083234
M1,Sncg_7,0.129064944
M1,Sst Chodl_1,0.079880783
M1,Sst_1,0.108007327
M1,Sst_10,0.109241083
M1,Sst_11,0.121858646
M1,Sst_12,0.103768135
M1,Sst_13,0.13194303
M1,Sst_14,0.10226861
M1,Sst_15,0.109478372
M1,Sst_16,0.092240213
M1,Sst_17,0.063900196
M1,Sst_18,0.078080216
M1,Sst_19,0.077691666
M1,Sst_2,0.135161797
M1,Sst_20,0.05238836
M1,Sst_21,0.135092079
M1,Sst_22,0.179623803
M1,Sst_23,0.155121737
M1,Sst_24,0.140758772
M1,Sst_25,0.088279332
M1,Sst_26,0.083760471
M1,Sst_27,0.092765134
M1,Sst_28,0.112742155
M1,Sst_29,0.131076672
M1,Sst_3,0.142359033
M1,Sst_30,0.114625494
M1,Sst_31,0.18571834
M1,Sst_32,0.160207514
M1,Sst_4,0.09806856
M1,Sst_5,0.096166623
M1,Sst_6,0.10578026
M1,Sst_7,0.103273694
M1,Sst_8,0.063068742
M1,Sst_9,0.096293607
M1,Vip_1,0.146303999
M1,Vip_10,0.103077149
M1,Vip_11,0.101172027
M1,Vip_12,0.097876313
M1,Vip_13,0.127137427
M1,Vip_14,0.082515254
M1,Vip_15,0.160234307
M1,Vip_16,0.138232413
M1,Vip_17,0.124175362
M1,Vip_18,0.186494184
M1,Vip_19,0.147388677
M1,Vip_2,0.094266427
M1,Vip_20,0.107175277
M1,Vip_21,0.089957771
M1,Vip_22,0.126611692
M1,Vip_23,0.21323693
M1,Vip_24,0.113805599
M1,Vip_25,0.131641654
M1,Vip_26,0.109121889
M1,Vip_27,0.113199205
M1,Vip_28,0.103893935
M1,Vip_29,0.122634002
M1,Vip_3,0.078861868
M1,Vip_30,0.121994611
M1,Vip_31,0.122948614
M1,Vip_4,0.088814027
M1,Vip_5,0.112281829
M1,Vip_6,0.092631297
M1,Vip_7,0.091903088
M1,Vip_8,0.068647544
M1,Vip_9,0.082042515
M1,VLMC_1,0.063118151
MTG,Astro_1,0.076086223
MTG,Astro_2,0.089050622
MTG,Astro_3,0.100511911
MTG,Astro_4,0.098904353
MTG,Chandelier_1,0.080758185
MTG,Endo_1,0.115295778
MTG,L2/3 IT_1,0.129378765
MTG,L2/3 IT_2,0.13186273
MTG,L2/3 IT_3,0.130846809
MTG,L2/3 IT_4,0.134159
MTG,L4 IT_1,0.090444024
MTG,L4 IT_2,0.319620558
MTG,L4 IT_3,0.222675732
MTG,L5 ET_1,0.429850746
MTG,L5 ET_2,0.08746406
MTG,L5 IT_1,0.204191869
MTG,L5 IT_2,0.151732047
MTG,L5/6 NP_1,0.255065287
MTG,L5/6 NP_2,0.265263043
MTG,L5/6 NP_3,0.170544658
MTG,L5/6 NP_4,0.16880424
MTG,L5/6 NP_5,0.229289559
MTG,L6 CT_1,0.101299755
MTG,L6 CT_2,0.10075547
MTG,L6 IT Car3_1,0.196896632
MTG,L6 IT Car3_2,0.196667568
MTG,L6 IT Car3_3,0.196896632
MTG,L6 IT_1,0.105072118
MTG,L6 IT_2,0.112211053
MTG,L6b_1,0.144144973
MTG,L6b_2,0.150135521
MTG,L6b_3,0.188613564
MTG,L6b_4,0.081310309
MTG,L6b_5,0.331873582
MTG,Lamp5 Lhx6_1,0.147949735
MTG,Lamp5_1,0.104082268
MTG,Lamp5_2,0.13366754
MTG,Lamp5_3,0.133127466
MTG,Lamp5_4,0.143917626
MTG,Lamp5_5,0.117207695
MTG,Micro/PVM_1,0.135221413
MTG,Oligo_1,0.165611865
MTG,Oligo_2,0.150081328
MTG,OPC_1,0.138608807
MTG,Pax6_1,0.141156773
MTG,Pax6_2,0.143023359
MTG,Pax6_3,0.110103588
MTG,Pax6_4,0.112299987
MTG,Pvalb_1,0.194913387
MTG,Pvalb_2,0.135569845
MTG,Pvalb_3,0.180551915
MTG,Pvalb_4,0.136705163
MTG,Pvalb_5,0.216385643
MTG,Pvalb_6,0.183397415
MTG,Pvalb_7,0.158350141
MTG,Sncg_1,0.124926968
MTG,Sncg_2,0.167478069
MTG,Sncg_3,0.107070732
MTG,Sncg_4,0.171899357
MTG,Sncg_5,0.141557221
MTG,Sncg_6,0.130355312
MTG,Sncg_7,0.153774214
MTG,Sncg_8,0.128655952
MTG,Sst Chodl_1,0.131258552
MTG,Sst Chodl_2,0.122331691
MTG,Sst_1,0.119407088
MTG,Sst_10,0.127567204
MTG,Sst_11,0.130369024
MTG,Sst_12,0.108676598
MTG,Sst_13,0.127762623
MTG,Sst_14,0.107645584
MTG,Sst_15,0.155637886
MTG,Sst_16,0.163224008
MTG,Sst_17,0.211834715
MTG,Sst_18,0.199112639
MTG,Sst_19,0.179437308
MTG,Sst_2,0.136035333
MTG,Sst_20,0.160922608
MTG,Sst_21,0.186721903
MTG,Sst_22,0.235466216
MTG,Sst_23,0.209279757
MTG,Sst_24,0.185385512
MTG,Sst_25,0.197800561
MTG,Sst_26,0.178682473
MTG,Sst_27,0.194457005
MTG,Sst_28,0.159506659
MTG,Sst_29,0.188907411
MTG,Sst_3,0.135583867
MTG,Sst_30,0.22255879
MTG,Sst_31,0.168694902
MTG,Sst_32,0.149774215
MTG,Sst_4,0.13076441
MTG,Sst_5,0.141685697
MTG,Sst_6,0.124348582
MTG,Sst_7,0.135512143
MTG,Sst_8,0.13469244
MTG,Sst_9,0.13357595
MTG,Vip_1,0.119211952
MTG,Vip_10,0.20553095
MTG,Vip_11,0.151663966
MTG,Vip_12,0.186423527
MTG,Vip_13,0.161825552
MTG,Vip_14,0.148202702
MTG,Vip_15,0.145051062
MTG,Vip_16,0.145872554
MTG,Vip_17,0.154619423
MTG,Vip_18,0.178363269
MTG,Vip_19,0.136393161
MTG,Vip_2,0.122242144
MTG,Vip_20,0.116188106
MTG,Vip_21,0.16647573
MTG,Vip_22,0.150128567
MTG,Vip_23,0.137226906
MTG,Vip_24,0.119471455
MTG,Vip_25,0.127454763
MTG,Vip_26,0.116918498
MTG,Vip_3,0.116933561
MTG,Vip_4,0.154408454
MTG,Vip_5,0.148158913
MTG,Vip_6,0.130505016
MTG,Vip_7,0.1619083
MTG,Vip_8,0.163572774
MTG,Vip_9,0.18921852
MTG,VLMC_1,0.169143048
S1,Astro_1,0.117849359
S1,Astro_2,0.076429542
S1,Astro_3,0.174091189
S1,Chandelier_1,0.216964616
S1,Endo_1,0.158203542
S1,L2/3 IT_1,0.139189309
S1,L2/3 IT_2,0.135415422
S1,L2/3 IT_3,0.16784772
S1,L2/3 IT_4,0.228404044
S1,L2/3 IT_5,0.189652097
S1,L2/3 IT_6,0.139533913
S1,L4 IT_1,0.121250806
S1,L4 IT_2,0.158114128
S1,L4 IT_3,0.319318609
S1,L4 IT_4,0.235376118
S1,L5 ET_1,0.093144371
S1,L5 ET_2,0.309876238
S1,L5 IT_1,0.196120259
S1,L5 IT_2,0.150244098
S1,L5 IT_3,0.131535033
S1,L5 IT_4,0.134627474
S1,L5/6 NP_1,0.156253715
S1,L5/6 NP_2,0.39648982
S1,L6 CT_1,0.174503415
S1,L6 CT_2,0.296030373
S1,L6 IT Car3_1,0.135782299
S1,L6 IT_1,0.15164986
S1,L6 IT_2,0.180320134
S1,L6b_1,0.14665934
S1,L6b_2,0.150148422
S1,L6b_3,0.17844523
S1,L6b_4,0.209309886
S1,L6b_5,0.17857577
S1,Lamp5 Lhx6_1,0.161574074
S1,Lamp5 Lhx6_2,0.161574074
S1,Lamp5_1,0.132566392
S1,Lamp5_2,0.148876923
S1,Lamp5_3,0.161538249
S1,Lamp5_4,0.174705971
S1,Lamp5_5,0.161407442
S1,Lamp5_6,0.172566909
S1,Micro/PVM_1,0.106710501
S1,Oligo_1,0.304597995
S1,Oligo_2,0.161111219
S1,Oligo_3,0.155709118
S1,OPC_1,0.072814295
S1,Pax6_1,0.151785714
S1,Pax6_2,0.138355697
S1,Pax6_3,0.134672944
S1,Pax6_4,0.142059927
S1,Pax6_5,0.143100167
S1,Pvalb_1,0.115431748
S1,Pvalb_10,0.176638808
S1,Pvalb_11,0.149467801
S1,Pvalb_2,0.144254848
S1,Pvalb_3,0.163286582
S1,Pvalb_4,0.138544234
S1,Pvalb_5,0.13414796
S1,Pvalb_6,0.132685067
S1,Pvalb_7,0.137757343
S1,Pvalb_8,0.14843226
S1,Pvalb_9,0.145848195
S1,Sncg_1,0.112020407
S1,Sncg_2,0.111951748
S1,Sncg_3,0.139894012
S1,Sncg_4,0.155441077
S1,Sncg_5,0.162193797
S1,Sncg_6,0.076958432
S1,Sncg_7,0.118288921
S1,Sst Chodl_1,0.168308703
S1,Sst Chodl_2,0.161087795
S1,Sst_1,0.134058185
S1,Sst_10,0.155736515
S1,Sst_11,0.148011748
S1,Sst_12,0.188434816
S1,Sst_13,0.186549442
S1,Sst_14,0.150416171
S1,Sst_15,0.185942102
S1,Sst_16,0.188067891
S1,Sst_17,0.180351064
S1,Sst_18,0.167310038
S1,Sst_19,0.143948409
S1,Sst_2,0.172486024
S1,Sst_20,0.183566372
S1,Sst_21,0.189417828
S1,Sst_22,0.186303921
S1,Sst_23,0.18508392
S1,Sst_24,0.144381908
S1,Sst_25,0.143289359
S1,Sst_26,0.148510843
S1,Sst_27,0.132546307
S1,Sst_28,0.136234402
S1,Sst_29,0.157010097
S1,Sst_3,0.173269721
S1,Sst_30,0.140573888
S1,Sst_31,0.137636708
S1,Sst_32,0.126641729
S1,Sst_33,0.108531055
S1,Sst_34,0.192868206
S1,Sst_35,0.128085221
S1,Sst_4,0.172862691
S1,Sst_5,0.147793979
S1,Sst_6,0.162332598
S1,Sst_7,0.147429169
S1,Sst_8,0.159020757
S1,Sst_9,0.158180418
S1,Vip_1,0.202624969
S1,Vip_10,0.11990706
S1,Vip_11,0.125645606
S1,Vip_12,0.119392797
S1,Vip_13,0.136791502
S1,Vip_14,0.158848825
S1,Vip_15,0.182967337
S1,Vip_16,0.195500612
S1,Vip_17,0.178714401
S1,Vip_18,0.161145118
S1,Vip_19,0.182995247
S1,Vip_2,0.155172979
S1,Vip_20,0.21017297
S1,Vip_21,0.150996758
S1,Vip_22,0.178080539
S1,Vip_23,0.139269098
S1,Vip_24,0.139514349
S1,Vip_25,0.138403466
S1,Vip_26,0.176069612
S1,Vip_27,0.163435555
S1,Vip_28,0.155710475
S1,Vip_29,0.15199778
S1,Vip_3,0.173047172
S1,Vip_30,0.145559766
S1,Vip_31,0.137152477
S1,Vip_4,0.176496352
S1,Vip_5,0.134495201
S1,Vip_6,0.139210966
S1,Vip_7,0.148005189
S1,Vip_8,0.13408326
S1,Vip_9,0.137058175
S1,VLMC_1,0.150657682
V1,Astro_1,0.172909405
V1,Astro_2,0.141802933
V1,Astro_3,0.171873692
V1,Astro_4,0.206085308
V1,Astro_5,0.129632806
V1,Chandelier_1,0.125904652
V1,Chandelier_2,0.127765391
V1,Endo_1,0.122064742
V1,L2/3 IT_1,0.100411763
V1,L2/3 IT_2,0.914055981
V1,L2/3 IT_3,0.975785285
V1,L2/3 IT_4,0.100225363
V1,L2/3 IT_5,0.139921988
V1,L2/3 IT_6,0.145204662
V1,L4 IT_1,0.997880304
V1,L4 IT_2,0.999049142
V1,L4 IT_3,0.99846764
V1,L4 IT_4,0.999045018
V1,L4 IT_5,0.999740452
V1,L4 IT_6,0.999110508
V1,L4 IT_7,0.992175577
V1,L4 IT_8,0.157112866
V1,L5 ET_1,0.908401219
V1,L5 IT_1,0.20604269
V1,L5 IT_2,0.337985355
V1,L5 IT_3,0.316036986
V1,L5 IT_4,0.315960395
V1,L5 IT_5,0.694906262
V1,L5 IT_6,0.732249169
V1,L5 IT_7,0.460262916
V1,L5 IT_8,0.887934041
V1,L5/6 NP_1,0.082297678
V1,L5/6 NP_2,0.186476172
V1,L5/6 NP_3,0.083460393
V1,L5/6 NP_4,0.077560175
V1,L6 CT_1,0.178830384
V1,L6 CT_2,0.340948118
V1,L6 CT_3,0.989342624
V1,L6 CT_4,0.93744172
V1,L6 IT Car3_1,0.333217291
V1,L6 IT_1,0.175841419
V1,L6 IT_2,0.362288806
V1,L6b_1,0.628351579
V1,L6b_2,0.133836435
V1,L6b_3,0.164945933
V1,L6b_4,0.161372131
V1,Lamp5 Lhx6_1,0.08957835
V1,Lamp5_1,0.055837834
V1,Lamp5_2,0.068677376
V1,Lamp5_3,0.092752959
V1,Lamp5_4,0.036837686
V1,Micro/PVM_1,0.14013514
V1,Oligo_1,0.156653578
V1,Oligo_2,0.142562142
V1,OPC_1,0.144509233
V1,Pax6_1,0.034233211
V1,Pax6_2,0.051022221
V1,Pax6_3,0.043795905
V1,Pvalb_1,0.044584147
V1,Pvalb_10,0.113266588
V1,Pvalb_11,0.074193531
V1,Pvalb_2,0.172484672
V1,Pvalb_3,0.047567756
V1,Pvalb_4,0.062999505
V1,Pvalb_5,0.435050312
V1,Pvalb_6,0.205891596
V1,Pvalb_7,0.909286989
V1,Pvalb_8,0.248653501
V1,Pvalb_9,0.134409901
V1,Sncg_1,0.063608768
V1,Sncg_2,0.069058497
V1,Sncg_3,0.027793995
V1,Sncg_4,0.108141828
V1,Sncg_5,0.051015307
V1,Sst Chodl_1,0.056650246
V1,Sst_1,0.110799407
V1,Sst_10,0.988572113
V1,Sst_11,0.325646859
V1,Sst_12,0.128779959
V1,Sst_13,0.522559256
V1,Sst_14,0.464221189
V1,Sst_15,0.686647302
V1,Sst_16,0.730183928
V1,Sst_17,0.096380826
V1,Sst_18,0.174371343
V1,Sst_19,0.532608047
V1,Sst_2,0.418234863
V1,Sst_20,0.453694941
V1,Sst_21,0.146008068
V1,Sst_22,0.146338008
V1,Sst_23,0.829874766
V1,Sst_24,0.22785162
V1,Sst_25,0.08748041
V1,Sst_26,0.136063772
V1,Sst_27,0.138924296
V1,Sst_3,0.12545979
V1,Sst_4,0.178225495
V1,Sst_5,0.045581091
V1,Sst_6,0.59581937
V1,Sst_7,0.937149964
V1,Sst_8,0.849870724
V1,Sst_9,0.994423367
V1,Vip_1,0.087319651
V1,Vip_10,0.203311938
V1,Vip_11,0.122165687
V1,Vip_12,0.056676319
V1,Vip_13,0.114376451
V1,Vip_14,0.054092735
V1,Vip_15,0.069201592
V1,Vip_16,0.109688197
V1,Vip_17,0.078518151
V1,Vip_18,0.071808997
V1,Vip_19,0.073133551
V1,Vip_2,0.060969663
V1,Vip_20,0.614368354
V1,Vip_21,0.500235577
V1,Vip_22,0.116653238
V1,Vip_23,0.075667583
V1,Vip_24,0.081625787
V1,Vip_25,0.09950229
V1,Vip_26,0.078706479
V1,Vip_27,0.140633532
V1,Vip_3,0.079824014
V1,Vip_4,0.885606624
V1,Vip_5,0.29336996
V1,Vip_6,0.098305827
V1,Vip_7,0.114581058
V1,Vip_8,0.094070274
V1,Vip_9,0.091259468
V1,VLMC_1,0.134449881